target_id,pair_id,family,gene_name,uniprot_id,pdb_id,pdb_chain,af2_pdb,experimental_pdb,state,state_label,substrate,substrate_class,ligand_ccd,ligand_sdf,reference_ligand_sdf,has_tonb,tonb_chain,resolution,method,region_annotation_json,split,notes
fhua_p06971,fhua_p06971_4cu4_a,fhua,fhua,P06971,4CU4,A,raw_af2/AF-P06971-F1-model_v6.pdb,raw_pdb/4CU4.pdb,uncertain,uncertain,none,none,DAO;DPO;FTT;MYR;PO4,,,false,,2.3,X-RAY DIFFRACTION,,expansion,RCSB Search API candidate; requires region annotation before supervised training.
fhua_p06971,fhua_p06971_1fcp_a,fhua,fhua,P06971,1FCP,A,raw_af2/AF-P06971-F1-model_v6.pdb,raw_pdb/1FCP.pdb,substrate_bound,substrate_bound,ferrichrome,ferrichrome,NI,,,false,,2.7,X-RAY DIFFRACTION,,expansion,RCSB Search API candidate; requires region annotation before supervised training.
fhua_p06971,fhua_p06971_2grx_a,fhua,fhua,P06971,2GRX,A,raw_af2/AF-P06971-F1-model_v6.pdb,raw_pdb/2GRX.pdb,tonb_bound,tonb_bound,ferrichrome,ferrichrome,DAO;EAP;FTT;MYR;PO4,,,true,,3.3,X-RAY DIFFRACTION,,expansion,RCSB Search API candidate; requires region annotation before supervised training.
btub_p06129,btub_p06129_2guf_a,btub,btub,P06129,2GUF,A,raw_af2/AF-P06129-F1-model_v6.pdb,raw_pdb/2GUF.pdb,apo,apo,none,none,,,,false,,1.95,X-RAY DIFFRACTION,,expansion,RCSB Search API candidate; requires region annotation before supervised training.
fhua_p06971,fhua_p06971_2fcp_a,fhua,fhua,P06971,2FCP,A,raw_af2/AF-P06971-F1-model_v6.pdb,raw_pdb/2FCP.pdb,substrate_bound,substrate_bound,ferrichrome,ferrichrome,AAE;EA2;LIL;LIM;NI,,,false,,2.5,X-RAY DIFFRACTION,,expansion,RCSB Search API candidate; requires region annotation before supervised training.
feca_p13036,feca_p13036_1kmp_a,feca,feca,P13036,1KMP,A,raw_af2/AF-P13036-F1-model_v6.pdb,raw_pdb/1KMP.pdb,productive_substrate_bound,productive_substrate_bound,ferric_citrate,ferric_citrate,CIT;FE,,,false,,2.5,X-RAY DIFFRACTION,,expansion,RCSB Search API candidate; requires region annotation before supervised training.
fhua_p06971,fhua_p06971_1by3_a,fhua,fhua,P06971,1BY3,A,raw_af2/AF-P06971-F1-model_v6.pdb,raw_pdb/1BY3.pdb,apo,apo,none,none,,,,false,,2.74,X-RAY DIFFRACTION,,expansion,RCSB Search API candidate; requires region annotation before supervised training.
fhua_p06971,fhua_p06971_1by5_a,fhua,fhua,P06971,1BY5,A,raw_af2/AF-P06971-F1-model_v6.pdb,raw_pdb/1BY5.pdb,substrate_bound,substrate_bound,ferrichrome,ferrichrome,FE,,,false,,2.6,X-RAY DIFFRACTION,,expansion,RCSB Search API candidate; requires region annotation before supervised training.
feca_p13036,feca_p13036_1po3_a,feca,feca,P13036,1PO3,A,raw_af2/AF-P13036-F1-model_v6.pdb,raw_pdb/1PO3.pdb,productive_substrate_bound,productive_substrate_bound,ferric_citrate,ferric_citrate,FE;FLC,,,false,,3.4,X-RAY DIFFRACTION,,expansion,RCSB Search API candidate; requires region annotation before supervised training.
fyua_p46359,fyua_p46359_4epa_a,fyua,fyua,P46359,4EPA,A,raw_af2/AF-P46359-F1-model_v6.pdb,raw_pdb/4EPA.pdb,apo,apo,none,none,,,,false,,3.2,X-RAY DIFFRACTION,,expansion,RCSB Search API candidate; requires region annotation before supervised training.
feca_p13036,feca_p13036_1po0_a,feca,feca,P13036,1PO0,A,raw_af2/AF-P13036-F1-model_v6.pdb,raw_pdb/1PO0.pdb,substrate_bound,substrate_bound,ferric_citrate,ferric_citrate,,,,false,,2.15,X-RAY DIFFRACTION,,expansion,RCSB Search API candidate; requires region annotation before supervised training.
feca_p13036,feca_p13036_1pnz_a,feca,feca,P13036,1PNZ,A,raw_af2/AF-P13036-F1-model_v6.pdb,raw_pdb/1PNZ.pdb,apo,apo,none,none,,,,false,,2.5,X-RAY DIFFRACTION,,expansion,RCSB Search API candidate; requires region annotation before supervised training.
fhua_p06971,fhua_p06971_1qjq_a,fhua,fhua,P06971,1QJQ,A,raw_af2/AF-P06971-F1-model_v6.pdb,raw_pdb/1QJQ.pdb,substrate_bound,substrate_bound,ferrichrome,ferrichrome,DPO;FTT;NI;PO4,,,false,,2.95,X-RAY DIFFRACTION,,expansion,RCSB Search API candidate; requires region annotation before supervised training.
fhua_p06971,fhua_p06971_1qkc_a,fhua,fhua,P06971,1QKC,A,raw_af2/AF-P06971-F1-model_v6.pdb,raw_pdb/1QKC.pdb,substrate_bound,substrate_bound,ferrichrome,ferrichrome,DPO;FTT;NI;PO4,,,false,,3.1,X-RAY DIFFRACTION,,expansion,RCSB Search API candidate; requires region annotation before supervised training.
fhua_p06971,fhua_p06971_1qff_a,fhua,fhua,P06971,1QFF,A,raw_af2/AF-P06971-F1-model_v6.pdb,raw_pdb/1QFF.pdb,substrate_bound,substrate_bound,ferrichrome,ferrichrome,DAO;DPO;EAP;FTT;MYR;PO4,,,false,,2.7,X-RAY DIFFRACTION,,expansion,RCSB Search API candidate; requires region annotation before supervised training.
fhua_p06971,fhua_p06971_1fi1_a,fhua,fhua,P06971,1FI1,A,raw_af2/AF-P06971-F1-model_v6.pdb,raw_pdb/1FI1.pdb,substrate_bound,substrate_bound,unknown_siderophore,unknown_siderophore,DPO;FTT;NA;NI;PO4,,,false,,2.9,X-RAY DIFFRACTION,,expansion,RCSB Search API candidate; requires region annotation before supervised training.
btub_p06129,btub_p06129_2gsk_a,btub,btub,P06129,2GSK,A,raw_af2/AF-P06129-F1-model_v6.pdb,raw_pdb/2GSK.pdb,tonb_bound,tonb_bound,none,none,CA,,,true,,2.1,X-RAY DIFFRACTION,,expansion,RCSB Search API candidate; requires region annotation before supervised training.
fhua_p06971,fhua_p06971_1qfg_a,fhua,fhua,P06971,1QFG,A,raw_af2/AF-P06971-F1-model_v6.pdb,raw_pdb/1QFG.pdb,substrate_bound,substrate_bound,ferrichrome,ferrichrome,DAO;DPO;FTT;MYR;NI;PO4,,,false,,2.5,X-RAY DIFFRACTION,,expansion,RCSB Search API candidate; requires region annotation before supervised training.
btub_p06129,btub_p06129_1ujw_a,btub,btub,P06129,1UJW,A,raw_af2/AF-P06129-F1-model_v6.pdb,raw_pdb/1UJW.pdb,uncertain,uncertain,none,none,AAE;GP1;LIM,,,false,,2.75,X-RAY DIFFRACTION,,expansion,RCSB Search API candidate; requires region annotation before supervised training.
fhua_p06971,fhua_p06971_8a8c_a,fhua,fhua,P06971,8A8C,A,raw_af2/AF-P06971-F1-model_v6.pdb,raw_pdb/8A8C.pdb,substrate_bound,substrate_bound,ferrichrome,ferrichrome,,,,false,,3.1,ELECTRON MICROSCOPY,,expansion,RCSB Search API candidate; requires region annotation before supervised training.
feca_p13036,feca_p13036_1kmo_a,feca,feca,P13036,1KMO,A,raw_af2/AF-P13036-F1-model_v6.pdb,raw_pdb/1KMO.pdb,apo,apo,none,none,,,,false,,2.0,X-RAY DIFFRACTION,,expansion,RCSB Search API candidate; requires region annotation before supervised training.
fhua_p06971,fhua_p06971_8b14_a,fhua,fhua,P06971,8B14,A,raw_af2/AF-P06971-F1-model_v6.pdb,raw_pdb/8B14.pdb,apo,apo,none,none,,,,false,,2.6,ELECTRON MICROSCOPY,,expansion,RCSB Search API candidate; requires region annotation before supervised training.
tbdt_d0c8v9,tbdt_d0c8v9_5fr8_a,tbdt,,D0C8V9,5FR8,A,raw_af2/AF-D0C8V9-F1-model_v6.pdb,raw_pdb/5FR8.pdb,tonb_bound,tonb_bound,none,none,,,,true,,2.83,X-RAY DIFFRACTION,,expansion,RCSB Search API candidate; requires region annotation before supervised training.
btub_q8a5z2,btub_q8a5z2_8p98_a,btub,btub,Q8A5Z2,8P98,A,raw_af2/AF-Q8A5Z2-F1-model_v6.pdb,raw_pdb/8P98.pdb,substrate_bound,substrate_bound,cobalamin,cobalamin,,,,false,,2.97,ELECTRON MICROSCOPY,,expansion,RCSB Search API candidate; requires region annotation before supervised training.
tbdt_p17315,tbdt_p17315_2hdf_a,tbdt,,P17315,2HDF,A,raw_af2/AF-P17315-F1-model_v6.pdb,raw_pdb/2HDF.pdb,uncertain,uncertain,none,none,SR,,,false,,2.65,X-RAY DIFFRACTION,,expansion,RCSB Search API candidate; requires region annotation before supervised training.
