target_id,pair_id,family,gene_name,uniprot_id,pdb_id,pdb_chain,af2_pdb,experimental_pdb,state,state_label,substrate,substrate_class,ligand_ccd,ligand_sdf,reference_ligand_sdf,has_tonb,tonb_chain,resolution,method,region_annotation_json,split,notes,task_type,evidence_level,label_weight,source_db,source_query,rcsb_polymer_entity_id,sequence_length,reference_coverage,mutation_count,deletion_count,split_group_id,af_version,download_status
tbdt_p76115,tbdt_p76115_6v81_a,tbdt,,P76115,6V81,A,raw_af2/AF-P76115-F1-model_v6.pdb,raw_pdb/6V81.pdb,substrate_bound,substrate_bound,unknown_siderophore,unknown_siderophore,CA,,,false,,2.957,X-RAY DIFFRACTION,,train,gold candidate from RCSB:TBDT_Pfam_InterPro_text; region annotation required before supervised displacement use.,gold_displacement,gold,1.0,RCSB,RCSB:TBDT_Pfam_InterPro_text,6V81_1,700,1.0,0,0,P76115,6,pdb:exists;afdb:exists
tbdt_p16869,tbdt_p16869_6e4v_a,tbdt,,P16869,6E4V,A,raw_af2/AF-P16869-F1-model_v6.pdb,raw_pdb/6E4V.pdb,substrate_bound,substrate_bound,unknown_siderophore,unknown_siderophore,,,,false,,2.0,X-RAY DIFFRACTION,,train,gold candidate from RCSB:TBDT_Pfam_InterPro_text; region annotation required before supervised displacement use.,gold_displacement,gold,1.0,RCSB,RCSB:TBDT_Pfam_InterPro_text,6E4V_1,693,0.9506172839506173,0,0,P16869,6,pdb:exists;afdb:exists
tbdt_a0a0c7cqy7,tbdt_a0a0c7cqy7_8b43_a,tbdt,,A0A0C7CQY7,8B43,A,raw_af2/AF-A0A0C7CQY7-F1-model_v6.pdb,raw_pdb/8B43.pdb,substrate_bound,substrate_bound,unknown_siderophore,unknown_siderophore,FE;OX8,,,false,,2.49,X-RAY DIFFRACTION,,train,gold candidate from RCSB:TBDT_Pfam_InterPro_text; region annotation required before supervised displacement use.,gold_displacement,gold,1.0,RCSB,RCSB:TBDT_Pfam_InterPro_text,8B43_1,820,1.0,0,0,A0A0C7CQY7,6,pdb:exists;afdb:exists
tbdt_q841a2,tbdt_q841a2_4b7o_a,tbdt,,Q841A2,4B7O,A,raw_af2/AF-Q841A2-F1-model_v6.pdb,raw_pdb/4B7O.pdb,apo,apo,none,none,,,,false,,2.32,X-RAY DIFFRACTION,,val,gold candidate from RCSB:TBDT_Pfam_InterPro_text; region annotation required before supervised displacement use.,gold_displacement,gold,1.0,RCSB,RCSB:TBDT_Pfam_InterPro_text,4B7O_1,745,1.0,0,0,Q841A2,6,pdb:exists;afdb:exists
fepa_q05098,fepa_q05098_6z2n_aaa,fepa,fepa,Q05098,6Z2N,AAA,raw_af2/AF-Q05098-F1-model_v6.pdb,raw_pdb/6Z2N.cif,substrate_bound,substrate_bound,enterobactin,enterobactin,EDO;FE;Q5N,,,false,,3.029,X-RAY DIFFRACTION,,train,gold candidate from RCSB:TBDT_Pfam_InterPro_text; region annotation required before supervised displacement use.,gold_displacement,gold,1.0,RCSB,RCSB:TBDT_Pfam_InterPro_text,6Z2N_1,724,0.9664879356568364,0,0,Q05098,6,cif:downloaded;afdb:exists
fepa_q05098,fepa_q05098_6y47_a,fepa,fepa,Q05098,6Y47,A,raw_af2/AF-Q05098-F1-model_v6.pdb,raw_pdb/6Y47.pdb,substrate_bound,substrate_bound,enterobactin,enterobactin,EDO;FE;OWT,,,false,,3.04,X-RAY DIFFRACTION,,train,gold candidate from RCSB:TBDT_Pfam_InterPro_text; region annotation required before supervised displacement use.,gold_displacement,gold,1.0,RCSB,RCSB:TBDT_Pfam_InterPro_text,6Y47_1,724,0.9664879356568364,0,0,Q05098,6,pdb:exists;afdb:exists
fyua_p46359,fyua_p46359_4epa_a,fyua,fyua,P46359,4EPA,A,raw_af2/AF-P46359-F1-model_v6.pdb,raw_pdb/4EPA.pdb,apo,apo,none,none,,,,false,,3.2,X-RAY DIFFRACTION,,train,gold candidate from RCSB:TBDT_Pfam_InterPro_text; region annotation required before supervised displacement use.,gold_displacement,gold,1.0,RCSB,RCSB:TBDT_Pfam_InterPro_text,4EPA_1,655,0.9673105497771174,0,0,P46359,6,pdb:exists;afdb:exists
tbdt_q51162,tbdt_q51162_4aip_a,tbdt,,Q51162,4AIP,A,raw_af2/AF-Q51162-F1-model_v6.pdb,raw_pdb/4AIP.pdb,apo,apo,none,none,,,,false,,2.4,X-RAY DIFFRACTION,,train,gold candidate from RCSB:TBDT_Pfam_InterPro_text; region annotation required before supervised displacement use.,gold_displacement,gold,1.0,RCSB,RCSB:TBDT_Pfam_InterPro_text,4AIP_1,742,0.9694444444444444,0,0,Q51162,6,pdb:exists;afdb:exists
tbdt_d0cah3,tbdt_d0cah3_5fp1_a,tbdt,,D0CAH3,5FP1,A,raw_af2/AF-D0CAH3-F1-model_v6.pdb,raw_pdb/5FP1.pdb,substrate_bound,substrate_bound,unknown_siderophore,unknown_siderophore,,,,false,,1.94,X-RAY DIFFRACTION,,train,gold candidate from RCSB:TBDT_Pfam_InterPro_text; region annotation required before supervised displacement use.,gold_displacement,gold,1.0,RCSB,RCSB:TBDT_Pfam_InterPro_text,5FP1_1,718,0.9623149394347241,0,0,D0CAH3,6,pdb:exists;afdb:exists
fepa_d0c8v9,fepa_d0c8v9_5fr8_a,fepa,fepa,D0C8V9,5FR8,A,raw_af2/AF-D0C8V9-F1-model_v6.pdb,raw_pdb/5FR8.pdb,substrate_bound,substrate_bound,enterobactin,enterobactin,,,,false,,2.83,X-RAY DIFFRACTION,,test,gold candidate from RCSB:TBDT_Pfam_InterPro_text; region annotation required before supervised displacement use.,gold_displacement,gold,1.0,RCSB,RCSB:TBDT_Pfam_InterPro_text,5FR8_1,733,0.9681697612732095,0,0,D0C8V9,6,pdb:exists;afdb:exists
fhua_p06971,fhua_p06971_8a60_a,fhua,fhua,P06971,8A60,A,raw_af2/AF-P06971-F1-model_v6.pdb,raw_pdb/8A60.cif,substrate_bound,substrate_bound,ferrichrome,ferrichrome,,,,false,,3.37,X-RAY DIFFRACTION,,val,gold candidate from RCSB:TBDT_Pfam_InterPro_text; region annotation required before supervised displacement use.,gold_displacement,gold,1.0,RCSB,RCSB:TBDT_Pfam_InterPro_text,8A60_1,716,0.9558232931726908,0,0,P06971,6,cif:downloaded;afdb:exists
tbdt_q9i116,tbdt_q9i116_6i97_a,tbdt,,Q9I116,6I97,A,raw_af2/AF-Q9I116-F1-model_v6.pdb,raw_pdb/6I97.pdb,substrate_bound,substrate_bound,unknown_siderophore,unknown_siderophore,,,,false,,3.35,X-RAY DIFFRACTION,,train,gold candidate from RCSB:TBDT_Pfam_InterPro_text; region annotation required before supervised displacement use.,gold_displacement,gold,1.0,RCSB,RCSB:TBDT_Pfam_InterPro_text,6I97_1,768,0.9365853658536586,0,0,Q9I116,6,pdb:exists;afdb:exists
tbdt_c5i2d9,tbdt_c5i2d9_3qlb_a,tbdt,,C5I2D9,3QLB,A,raw_af2/AF-C5I2D9-F1-model_v6.pdb,raw_pdb/3QLB.pdb,substrate_bound,substrate_bound,ferric_citrate,ferric_citrate,CIT;EFE,,,false,,3.26,X-RAY DIFFRACTION,,test,gold candidate from RCSB:TBDT_Pfam_InterPro_text; region annotation required before supervised displacement use.,gold_displacement,gold,1.0,RCSB,RCSB:TBDT_Pfam_InterPro_text,3QLB_1,748,1.0,0,0,C5I2D9,6,pdb:exists;afdb:exists
tbdt_g3xcy8,tbdt_g3xcy8_5fok_a,tbdt,,G3XCY8,5FOK,A,raw_af2/AF-G3XCY8-F1-model_v6.pdb,raw_pdb/5FOK.pdb,substrate_bound,substrate_bound,unknown_siderophore,unknown_siderophore,C8E;NA,,,false,,1.9,X-RAY DIFFRACTION,,val,gold candidate from RCSB:TBDT_Pfam_InterPro_text; region annotation required before supervised displacement use.,gold_displacement,gold,1.0,RCSB,RCSB:TBDT_Pfam_InterPro_text,5FOK_1,730,0.952191235059761,0,0,G3XCY8,6,pdb:exists;afdb:exists
tbdt_q9x6a5,tbdt_q9x6a5_3efm_a,tbdt,,Q9X6A5,3EFM,A,raw_af2/AF-Q9X6A5-F1-model_v6.pdb,raw_pdb/3EFM.pdb,apo,apo,none,none,,,,false,,2.33,X-RAY DIFFRACTION,,train,gold candidate from RCSB:TBDT_Pfam_InterPro_text; region annotation required before supervised displacement use.,gold_displacement,gold,1.0,RCSB,RCSB:TBDT_Pfam_InterPro_text,3EFM_1,707,0.952316076294278,0,0,Q9X6A5,6,pdb:exists;afdb:exists
fepa_q9i527,fepa_q9i527_5fp2_a,fepa,fepa,Q9I527,5FP2,A,raw_af2/AF-Q9I527-F1-model_v6.pdb,raw_pdb/5FP2.pdb,substrate_bound,substrate_bound,enterobactin,enterobactin,,,,false,,2.97,X-RAY DIFFRACTION,,train,gold candidate from RCSB:TBDT_Pfam_InterPro_text; region annotation required before supervised displacement use.,gold_displacement,gold,1.0,RCSB,RCSB:TBDT_Pfam_InterPro_text,5FP2_1,725,0.9622641509433962,0,0,Q9I527,6,pdb:exists;afdb:exists
tbdt_p75780,tbdt_p75780_6bpm_a,tbdt,,P75780,6BPM,A,raw_af2/AF-P75780-F1-model_v6.pdb,raw_pdb/6BPM.pdb,substrate_bound,substrate_bound,unknown_siderophore,unknown_siderophore,,,,false,,2.5,X-RAY DIFFRACTION,,train,gold candidate from RCSB:TBDT_Pfam_InterPro_text; region annotation required before supervised displacement use.,gold_displacement,gold,1.0,RCSB,RCSB:TBDT_Pfam_InterPro_text,6BPM_1,727,0.9565789473684211,0,0,P75780,6,pdb:exists;afdb:exists
fhua_p06971,fhua_p06971_2grx_a,fhua,fhua,P06971,2GRX,A,raw_af2/AF-P06971-F1-model_v6.pdb,raw_pdb/2GRX.pdb,substrate_bound,substrate_bound,ferrichrome,ferrichrome,DAO;EAP;FTT;MYR;PO4,,,false,,3.3,X-RAY DIFFRACTION,,val,gold candidate from RCSB:TBDT_Pfam_InterPro_text; region annotation required before supervised displacement use.,gold_displacement,gold,1.0,RCSB,RCSB:TBDT_Pfam_InterPro_text,2GRX_1,725,0.9558232931726908,0,0,P06971,6,pdb:exists;afdb:exists
fhua_p06971,fhua_p06971_8a8c_a,fhua,fhua,P06971,8A8C,A,raw_af2/AF-P06971-F1-model_v6.pdb,raw_pdb/8A8C.pdb,substrate_bound,substrate_bound,ferrichrome,ferrichrome,,,,false,,3.1,ELECTRON MICROSCOPY,,val,gold candidate from RCSB:TBDT_Pfam_InterPro_text; region annotation required before supervised displacement use.,gold_displacement,gold,1.0,RCSB,RCSB:TBDT_Pfam_InterPro_text,8A8C_1,714,0.9558232931726908,0,0,P06971,6,pdb:exists;afdb:exists
fepa_q05098,fepa_q05098_5mzs_a,fepa,fepa,Q05098,5MZS,A,raw_af2/AF-Q05098-F1-model_v6.pdb,raw_pdb/5MZS.pdb,apo,apo,none,none,,,,false,,2.67,X-RAY DIFFRACTION,,train,gold candidate from RCSB:TBDT_Pfam_InterPro_text; region annotation required before supervised displacement use.,gold_displacement,gold,1.0,RCSB,RCSB:TBDT_Pfam_InterPro_text,5MZS_1,724,0.9664879356568364,2,0,Q05098,6,pdb:exists;afdb:exists
tbdt_p75780,tbdt_p75780_6bpn_a,tbdt,,P75780,6BPN,A,raw_af2/AF-P75780-F1-model_v6.pdb,raw_pdb/6BPN.pdb,substrate_bound,substrate_bound,unknown_siderophore,unknown_siderophore,,,,false,,2.1,X-RAY DIFFRACTION,,train,gold candidate from RCSB:TBDT_Pfam_InterPro_text; region annotation required before supervised displacement use.,gold_displacement,gold,1.0,RCSB,RCSB:TBDT_Pfam_InterPro_text,6BPN_1,727,0.9565789473684211,0,0,P75780,6,pdb:exists;afdb:exists
fepa_q05098,fepa_q05098_5nc4_a,fepa,fepa,Q05098,5NC4,A,raw_af2/AF-Q05098-F1-model_v6.pdb,raw_pdb/5NC4.pdb,substrate_bound,substrate_bound,enterobactin,enterobactin,8T2;FE,,,false,,2.8,X-RAY DIFFRACTION,,train,gold candidate from RCSB:TBDT_Pfam_InterPro_text; region annotation required before supervised displacement use.,gold_displacement,gold,1.0,RCSB,RCSB:TBDT_Pfam_InterPro_text,5NC4_1,724,0.9664879356568364,0,0,Q05098,6,pdb:exists;afdb:exists
fepa_q05098,fepa_q05098_7obw_aaa,fepa,fepa,Q05098,7OBW,AAA,raw_af2/AF-Q05098-F1-model_v6.pdb,raw_pdb/7OBW.cif,substrate_bound,substrate_bound,enterobactin,enterobactin,FE;V82,,,false,,2.66,X-RAY DIFFRACTION,,train,gold candidate from RCSB:TBDT_Pfam_InterPro_text; region annotation required before supervised displacement use.,gold_displacement,gold,1.0,RCSB,RCSB:TBDT_Pfam_InterPro_text,7OBW_1,721,0.9664879356568364,0,0,Q05098,6,cif:downloaded;afdb:exists
tbdt_q76hj9,tbdt_q76hj9_6hcp_a,tbdt,,Q76HJ9,6HCP,A,raw_af2/AF-Q76HJ9-F1-model_v6.pdb,raw_pdb/6HCP.pdb,apo,apo,none,none,,,,false,,1.83,X-RAY DIFFRACTION,,train,gold candidate from RCSB:TBDT_Pfam_InterPro_text; region annotation required before supervised displacement use.,gold_displacement,gold,1.0,RCSB,RCSB:TBDT_Pfam_InterPro_text,6HCP_1,706,0.9696551724137931,0,0,Q76HJ9,6,pdb:exists;afdb:exists
fepa_p05825,fepa_p05825_1fep_a,fepa,fepa,P05825,1FEP,A,raw_af2/AF-P05825-F1-model_v6.pdb,raw_pdb/1FEP.pdb,substrate_bound,substrate_bound,enterobactin,enterobactin,,,,false,,2.4,X-RAY DIFFRACTION,,test,gold candidate from RCSB:TBDT_Pfam_InterPro_text; region annotation required before supervised displacement use.,gold_displacement,gold,1.0,RCSB,RCSB:TBDT_Pfam_InterPro_text,1FEP_1,724,0.9705093833780161,11,0,P05825,6,pdb:exists;afdb:exists
tbdt_p42512,tbdt_p42512_1xkw_a,tbdt,,P42512,1XKW,A,raw_af2/AF-P42512-F1-model_v6.pdb,raw_pdb/1XKW.pdb,substrate_bound,substrate_bound,enterobactin,enterobactin,188;EDO,,,false,,2.0,X-RAY DIFFRACTION,,val,gold candidate from RCSB:TBDT_Pfam_InterPro_text; region annotation required before supervised displacement use.,gold_displacement,gold,1.0,RCSB,RCSB:TBDT_Pfam_InterPro_text,1XKW_1,665,0.9236111111111112,0,0,P42512,6,pdb:exists;afdb:exists
tbdt_p31827,tbdt_p31827_6ofr_a,tbdt,,P31827,6OFR,A,raw_af2/AF-P31827-F1-model_v6.pdb,raw_pdb/6OFR.pdb,apo,apo,none,none,MG,,,false,,2.4,X-RAY DIFFRACTION,,train,gold candidate from RCSB:TBDT_Pfam_InterPro_text; region annotation required before supervised displacement use.,gold_displacement,gold,1.0,RCSB,RCSB:TBDT_Pfam_InterPro_text,6OFR_1,762,0.9645569620253165,0,0,P31827,6,pdb:exists;afdb:exists
tbdt_p48632,tbdt_p48632_2iah_a,tbdt,,P48632,2IAH,A,raw_af2/AF-P48632-F1-model_v6.pdb,raw_pdb/2IAH.pdb,substrate_bound,substrate_bound,unknown_siderophore,unknown_siderophore,FE;PVE,,,false,,2.73,X-RAY DIFFRACTION,,train,gold candidate from RCSB:TBDT_Pfam_InterPro_text; region annotation required before supervised displacement use.,gold_displacement,gold,1.0,RCSB,RCSB:TBDT_Pfam_InterPro_text,2IAH_1,772,0.947239263803681,0,0,P48632,6,pdb:exists;afdb:exists
feca_p13036,feca_p13036_1kmo_a,feca,feca,P13036,1KMO,A,raw_af2/AF-P13036-F1-model_v6.pdb,raw_pdb/1KMO.pdb,substrate_bound,substrate_bound,ferric_citrate,ferric_citrate,,,,false,,2.0,X-RAY DIFFRACTION,,val,gold candidate from RCSB:TBDT_Pfam_InterPro_text; region annotation required before supervised displacement use.,gold_displacement,gold,1.0,RCSB,RCSB:TBDT_Pfam_InterPro_text,1KMO_1,774,1.0,0,0,P13036,6,pdb:exists;afdb:exists
tbdt_p72412,tbdt_p72412_3fhh_a,tbdt,,P72412,3FHH,A,raw_af2/AF-P72412-F1-model_v6.pdb,raw_pdb/3FHH.pdb,substrate_bound,substrate_bound,heme,heme,,,,false,,2.6,X-RAY DIFFRACTION,,train,gold candidate from RCSB:TBDT_Pfam_InterPro_text; region annotation required before supervised displacement use.,gold_displacement,gold,1.0,RCSB,RCSB:TBDT_Pfam_InterPro_text,3FHH_1,640,0.9696969696969697,0,0,P72412,6,pdb:exists;afdb:exists
tbdt_g3xd89,tbdt_g3xd89_6fok_a,tbdt,,G3XD89,6FOK,A,raw_af2/AF-G3XD89-F1-model_v6.pdb,raw_pdb/6FOK.pdb,substrate_bound,substrate_bound,unknown_siderophore,unknown_siderophore,CU,,,false,,1.97,X-RAY DIFFRACTION,,train,gold candidate from RCSB:TBDT_Pfam_InterPro_text; region annotation required before supervised displacement use.,gold_displacement,gold,1.0,RCSB,RCSB:TBDT_Pfam_InterPro_text,6FOK_1,723,1.0,0,0,G3XD89,6,pdb:exists;afdb:exists
feca_p13036,feca_p13036_1kmp_a,feca,feca,P13036,1KMP,A,raw_af2/AF-P13036-F1-model_v6.pdb,raw_pdb/1KMP.pdb,productive_substrate_bound,productive_substrate_bound,ferric_citrate,ferric_citrate,CIT;FE,,,false,,2.5,X-RAY DIFFRACTION,,val,gold candidate from RCSB:TBDT_Pfam_InterPro_text; region annotation required before supervised displacement use.,gold_displacement,gold,1.0,RCSB,RCSB:TBDT_Pfam_InterPro_text,1KMP_1,774,1.0,0,0,P13036,6,pdb:exists;afdb:exists
tbdt_q9i116,tbdt_q9i116_6i96_a,tbdt,,Q9I116,6I96,A,raw_af2/AF-Q9I116-F1-model_v6.pdb,raw_pdb/6I96.pdb,substrate_bound,substrate_bound,unknown_siderophore,unknown_siderophore,NA,,,false,,1.85,X-RAY DIFFRACTION,,train,gold candidate from RCSB:TBDT_Pfam_InterPro_text; region annotation required before supervised displacement use.,gold_displacement,gold,1.0,RCSB,RCSB:TBDT_Pfam_InterPro_text,6I96_1,677,0.8256097560975609,0,0,Q9I116,6,pdb:exists;afdb:exists
tbdt_q7mxj7,tbdt_q7mxj7_6sml_b,tbdt,,Q7MXJ7,6SML,B,raw_af2/AF-Q7MXJ7-F1-model_v6.pdb,raw_pdb/6SML.pdb,uncertain,uncertain,none,none,5PL,,,false,,3.4,ELECTRON MICROSCOPY,,train,gold candidate from RCSB:TBDT_Pfam_InterPro_text; region annotation required before supervised displacement use.,gold_displacement,gold,1.0,RCSB,RCSB:TBDT_Pfam_InterPro_text,6SML_2,915,0.8997050147492626,0,0,Q7MXJ7,6,pdb:exists;afdb:exists
fhua_p06971,fhua_p06971_1qfg_a,fhua,fhua,P06971,1QFG,A,raw_af2/AF-P06971-F1-model_v6.pdb,raw_pdb/1QFG.pdb,substrate_bound,substrate_bound,ferrichrome,ferrichrome,DAO;DPO;FTT;MYR;NI;PO4,,,false,,2.5,X-RAY DIFFRACTION,,val,gold candidate from RCSB:TBDT_Pfam_InterPro_text; region annotation required before supervised displacement use.,gold_displacement,gold,1.0,RCSB,RCSB:TBDT_Pfam_InterPro_text,1QFG_1,725,0.9558232931726908,0,0,P06971,6,pdb:exists;afdb:exists
btub_p06129,btub_p06129_2gsk_a,btub,btub,P06129,2GSK,A,raw_af2/AF-P06129-F1-model_v6.pdb,raw_pdb/2GSK.pdb,substrate_bound,substrate_bound,cobalamin,cobalamin,CA,,,false,,2.1,X-RAY DIFFRACTION,,test,gold candidate from RCSB:TBDT_Pfam_InterPro_text; region annotation required before supervised displacement use.,gold_displacement,gold,1.0,RCSB,RCSB:TBDT_Pfam_InterPro_text,2GSK_1,590,0.9609120521172638,0,0,P06129,6,pdb:exists;afdb:exists
tbdt_q7mxj7,tbdt_q7mxj7_6sln_a,tbdt,,Q7MXJ7,6SLN,A,raw_af2/AF-Q7MXJ7-F1-model_v6.pdb,raw_pdb/6SLN.pdb,uncertain,uncertain,none,none,PLM,,,false,,2.61,X-RAY DIFFRACTION,,train,gold candidate from RCSB:TBDT_Pfam_InterPro_text; region annotation required before supervised displacement use.,gold_displacement,gold,1.0,RCSB,RCSB:TBDT_Pfam_InterPro_text,6SLN_1,997,0.9803343166175025,0,0,Q7MXJ7,6,pdb:exists;afdb:exists
fhua_p06971,fhua_p06971_8b14_a,fhua,fhua,P06971,8B14,A,raw_af2/AF-P06971-F1-model_v6.pdb,raw_pdb/8B14.pdb,substrate_bound,substrate_bound,ferrichrome,ferrichrome,,,,false,,2.6,ELECTRON MICROSCOPY,,val,gold candidate from RCSB:TBDT_Pfam_InterPro_text; region annotation required before supervised displacement use.,gold_displacement,gold,1.0,RCSB,RCSB:TBDT_Pfam_InterPro_text,8B14_1,723,0.9558232931726908,0,0,P06971,6,pdb:exists;afdb:exists
tbdt_p48632,tbdt_p48632_5odw_a,tbdt,,P48632,5ODW,A,raw_af2/AF-P48632-F1-model_v6.pdb,raw_pdb/5ODW.pdb,substrate_bound,substrate_bound,unknown_siderophore,unknown_siderophore,,,,false,,2.8,X-RAY DIFFRACTION,,train,gold candidate from RCSB:TBDT_Pfam_InterPro_text; region annotation required before supervised displacement use.,gold_displacement,gold,1.0,RCSB,RCSB:TBDT_Pfam_InterPro_text,5ODW_1,815,1.0,0,0,P48632,6,pdb:exists;afdb:exists
fepa_q05098,fepa_q05098_5nc3_a,fepa,fepa,Q05098,5NC3,A,raw_af2/AF-Q05098-F1-model_v6.pdb,raw_pdb/5NC3.pdb,substrate_bound,substrate_bound,enterobactin,enterobactin,8SW;FE,,,false,,2.57,X-RAY DIFFRACTION,,train,gold candidate from RCSB:TBDT_Pfam_InterPro_text; region annotation required before supervised displacement use.,gold_displacement,gold,1.0,RCSB,RCSB:TBDT_Pfam_InterPro_text,5NC3_1,724,0.9664879356568364,0,0,Q05098,6,pdb:exists;afdb:exists
fepa_q05098,fepa_q05098_5nr2_a,fepa,fepa,Q05098,5NR2,A,raw_af2/AF-Q05098-F1-model_v6.pdb,raw_pdb/5NR2.pdb,substrate_bound,substrate_bound,enterobactin,enterobactin,95B;EDO;FE,,,false,,2.78,X-RAY DIFFRACTION,,train,gold candidate from RCSB:TBDT_Pfam_InterPro_text; region annotation required before supervised displacement use.,gold_displacement,gold,1.0,RCSB,RCSB:TBDT_Pfam_InterPro_text,5NR2_1,724,0.9664879356568364,0,0,Q05098,6,pdb:exists;afdb:exists
fepa_q05098,fepa_q05098_6r1f_a,fepa,fepa,Q05098,6R1F,A,raw_af2/AF-Q05098-F1-model_v6.pdb,raw_pdb/6R1F.pdb,substrate_bound,substrate_bound,enterobactin,enterobactin,EB4;FE,,,false,,3.11,X-RAY DIFFRACTION,,train,gold candidate from RCSB:TBDT_Pfam_InterPro_text; region annotation required before supervised displacement use.,gold_displacement,gold,1.0,RCSB,RCSB:TBDT_Pfam_InterPro_text,6R1F_1,721,0.9664879356568364,1,0,Q05098,6,pdb:exists;afdb:exists
fepa_q05098,fepa_q05098_6i2j_a,fepa,fepa,Q05098,6I2J,A,raw_af2/AF-Q05098-F1-model_v6.pdb,raw_pdb/6I2J.pdb,substrate_bound,substrate_bound,enterobactin,enterobactin,EB4;FE,,,false,,2.96,X-RAY DIFFRACTION,,train,gold candidate from RCSB:TBDT_Pfam_InterPro_text; region annotation required before supervised displacement use.,gold_displacement,gold,1.0,RCSB,RCSB:TBDT_Pfam_InterPro_text,6I2J_1,721,0.9664879356568364,1,0,Q05098,6,pdb:exists;afdb:exists
fepa_q05098,fepa_q05098_6z33_aaa,fepa,fepa,Q05098,6Z33,AAA,raw_af2/AF-Q05098-F1-model_v6.pdb,raw_pdb/6Z33.cif,substrate_bound,substrate_bound,enterobactin,enterobactin,EDO;FE;Q62,,,false,,2.711,X-RAY DIFFRACTION,,train,gold candidate from RCSB:TBDT_Pfam_InterPro_text; region annotation required before supervised displacement use.,gold_displacement,gold,1.0,RCSB,RCSB:TBDT_Pfam_InterPro_text,6Z33_1,724,0.9664879356568364,0,0,Q05098,6,cif:downloaded;afdb:exists
fepa_q05098,fepa_q05098_6q5e_a,fepa,fepa,Q05098,6Q5E,A,raw_af2/AF-Q05098-F1-model_v6.pdb,raw_pdb/6Q5E.pdb,substrate_bound,substrate_bound,enterobactin,enterobactin,EB4;FE,,,false,,2.7,X-RAY DIFFRACTION,,train,gold candidate from RCSB:TBDT_Pfam_InterPro_text; region annotation required before supervised displacement use.,gold_displacement,gold,1.0,RCSB,RCSB:TBDT_Pfam_InterPro_text,6Q5E_1,721,0.9664879356568364,0,0,Q05098,6,pdb:exists;afdb:exists
fepa_q05098,fepa_q05098_6yy5_aaa,fepa,fepa,Q05098,6YY5,AAA,raw_af2/AF-Q05098-F1-model_v6.pdb,raw_pdb/6YY5.cif,substrate_bound,substrate_bound,enterobactin,enterobactin,FE;QDQ,,,false,,2.717,X-RAY DIFFRACTION,,train,gold candidate from RCSB:TBDT_Pfam_InterPro_text; region annotation required before supervised displacement use.,gold_displacement,gold,1.0,RCSB,RCSB:TBDT_Pfam_InterPro_text,6YY5_1,724,0.9664879356568364,0,0,Q05098,6,cif:downloaded;afdb:exists
fepa_q05098,fepa_q05098_5m9b_a,fepa,fepa,Q05098,5M9B,A,raw_af2/AF-Q05098-F1-model_v6.pdb,raw_pdb/5M9B.pdb,apo,apo,none,none,,,,false,,2.12,X-RAY DIFFRACTION,,train,gold candidate from RCSB:TBDT_Pfam_InterPro_text; region annotation required before supervised displacement use.,gold_displacement,gold,1.0,RCSB,RCSB:TBDT_Pfam_InterPro_text,5M9B_1,724,0.9664879356568364,0,0,Q05098,6,pdb:exists;afdb:exists
fhua_p06971,fhua_p06971_4cu4_a,fhua,fhua,P06971,4CU4,A,raw_af2/AF-P06971-F1-model_v6.pdb,raw_pdb/4CU4.pdb,substrate_bound,substrate_bound,ferrichrome,ferrichrome,DAO;DPO;FTT;MYR;PO4,,,false,,2.3,X-RAY DIFFRACTION,,val,gold candidate from RCSB:TBDT_Pfam_InterPro_text; region annotation required before supervised displacement use.,gold_displacement,gold,1.0,RCSB,RCSB:TBDT_Pfam_InterPro_text,4CU4_1,706,0.9303882195448461,0,0,P06971,6,pdb:exists;afdb:exists
tbdt_p48632,tbdt_p48632_2o5p_a,tbdt,,P48632,2O5P,A,raw_af2/AF-P48632-F1-model_v6.pdb,raw_pdb/2O5P.pdb,apo,apo,none,none,,,,false,,2.77,X-RAY DIFFRACTION,,train,gold candidate from RCSB:TBDT_Pfam_InterPro_text; region annotation required before supervised displacement use.,gold_displacement,gold,1.0,RCSB,RCSB:TBDT_Pfam_InterPro_text,2O5P_1,772,0.947239263803681,0,0,P48632,6,pdb:exists;afdb:exists
tbdt_q9i2j4,tbdt_q9i2j4_8s34_a,tbdt,,Q9I2J4,8S34,A,raw_af2/AF-Q9I2J4-F1-model_v6.pdb,raw_pdb/8S34.cif,substrate_bound,substrate_bound,unknown_siderophore,unknown_siderophore,A1H49;FE;K,,,false,,1.86,X-RAY DIFFRACTION,,train,gold candidate from RCSB:TBDT_Pfam_InterPro_text; region annotation required before supervised displacement use.,gold_displacement,gold,1.0,RCSB,RCSB:TBDT_Pfam_InterPro_text,8S34_1,780,0.9651741293532339,0,0,Q9I2J4,6,cif:downloaded;afdb:exists
tbdt_p48632,tbdt_p48632_2w75_a,tbdt,,P48632,2W75,A,raw_af2/AF-P48632-F1-model_v6.pdb,raw_pdb/2W75.pdb,apo,apo,none,none,,,,false,,2.9,X-RAY DIFFRACTION,,train,gold candidate from RCSB:TBDT_Pfam_InterPro_text; region annotation required before supervised displacement use.,gold_displacement,gold,1.0,RCSB,RCSB:TBDT_Pfam_InterPro_text,2W75_1,772,0.947239263803681,0,0,P48632,6,pdb:exists;afdb:exists
tbdt_q9i2j4,tbdt_q9i2j4_9f2t_a,tbdt,,Q9I2J4,9F2T,A,raw_af2/AF-Q9I2J4-F1-model_v6.pdb,raw_pdb/9F2T.pdb,apo,apo,none,none,,,,false,,2.2,X-RAY DIFFRACTION,,train,gold candidate from RCSB:TBDT_Pfam_InterPro_text; region annotation required before supervised displacement use.,gold_displacement,gold,1.0,RCSB,RCSB:TBDT_Pfam_InterPro_text,9F2T_1,780,0.9651741293532339,0,0,Q9I2J4,6,pdb:exists;afdb:exists
tbdt_q9i2j4,tbdt_q9i2j4_9ex3_a,tbdt,,Q9I2J4,9EX3,A,raw_af2/AF-Q9I2J4-F1-model_v6.pdb,raw_pdb/9EX3.pdb,substrate_bound,substrate_bound,unknown_siderophore,unknown_siderophore,EDO;FE;J9F;K,,,false,,2.15,X-RAY DIFFRACTION,,train,gold candidate from RCSB:TBDT_Pfam_InterPro_text; region annotation required before supervised displacement use.,gold_displacement,gold,1.0,RCSB,RCSB:TBDT_Pfam_InterPro_text,9EX3_1,780,0.9651741293532339,0,0,Q9I2J4,6,pdb:exists;afdb:exists
tbdt_q9i116,tbdt_q9i116_6z8a_a,tbdt,,Q9I116,6Z8A,A,raw_af2/AF-Q9I116-F1-model_v6.pdb,raw_pdb/6Z8A.pdb,substrate_bound,substrate_bound,unknown_siderophore,unknown_siderophore,6L0;FE,,,false,,2.95,X-RAY DIFFRACTION,,train,gold candidate from RCSB:TBDT_Pfam_InterPro_text; region annotation required before supervised displacement use.,gold_displacement,gold,1.0,RCSB,RCSB:TBDT_Pfam_InterPro_text,6Z8A_1,776,0.9463414634146341,0,0,Q9I116,6,pdb:exists;afdb:exists
tbdt_q9i2j4,tbdt_q9i2j4_9gbb_a,tbdt,,Q9I2J4,9GBB,A,raw_af2/AF-Q9I2J4-F1-model_v6.pdb,raw_pdb/9GBB.cif,substrate_bound,substrate_bound,unknown_siderophore,unknown_siderophore,A1IJR;FE;K,,,false,,2.6,X-RAY DIFFRACTION,,train,gold candidate from RCSB:TBDT_Pfam_InterPro_text; region annotation required before supervised displacement use.,gold_displacement,gold,1.0,RCSB,RCSB:TBDT_Pfam_InterPro_text,9GBB_1,780,0.9651741293532339,0,0,Q9I2J4,6,cif:downloaded;afdb:exists
tbdt_q9k0u9,tbdt_q9k0u9_3v89_a,tbdt,,Q9K0U9,3V89,A,raw_af2/AF-Q9K0U9-F1-model_v6.pdb,raw_pdb/3V89.pdb,substrate_bound,substrate_bound,unknown_siderophore,unknown_siderophore,,,,false,,3.1,X-RAY DIFFRACTION,,train,gold candidate from RCSB:TBDT_Pfam_InterPro_text; region annotation required before supervised displacement use.,gold_displacement,gold,1.0,RCSB,RCSB:TBDT_Pfam_InterPro_text,3V89_1,904,0.9737704918032787,0,0,Q9K0U9,6,pdb:exists;afdb:exists
tbdt_q9hv88,tbdt_q9hv88_8the_a,tbdt,,Q9HV88,8THE,A,raw_af2/AF-Q9HV88-F1-model_v6.pdb,raw_pdb/8THE.cif,substrate_bound,substrate_bound,heme,heme,HEM,,,false,,2.5,ELECTRON MICROSCOPY,,train,gold candidate from RCSB:TBDT_Pfam_InterPro_text; region annotation required before supervised displacement use.,gold_displacement,gold,1.0,RCSB,RCSB:TBDT_Pfam_InterPro_text,8THE_1,777,0.9672774869109948,0,0,Q9HV88,6,cif:downloaded;afdb:exists
tbdt_p48632,tbdt_p48632_2w6t_a,tbdt,,P48632,2W6T,A,raw_af2/AF-P48632-F1-model_v6.pdb,raw_pdb/2W6T.pdb,substrate_bound,substrate_bound,unknown_siderophore,unknown_siderophore,FE;PVE,,,false,,2.9,X-RAY DIFFRACTION,,train,gold candidate from RCSB:TBDT_Pfam_InterPro_text; region annotation required before supervised displacement use.,gold_displacement,gold,1.0,RCSB,RCSB:TBDT_Pfam_InterPro_text,2W6T_1,772,0.947239263803681,0,0,P48632,6,pdb:exists;afdb:exists
tbdt_p48632,tbdt_p48632_2w6u_a,tbdt,,P48632,2W6U,A,raw_af2/AF-P48632-F1-model_v6.pdb,raw_pdb/2W6U.pdb,substrate_bound,substrate_bound,unknown_siderophore,unknown_siderophore,FE;PVE,,,false,,3.0,X-RAY DIFFRACTION,,train,gold candidate from RCSB:TBDT_Pfam_InterPro_text; region annotation required before supervised displacement use.,gold_displacement,gold,1.0,RCSB,RCSB:TBDT_Pfam_InterPro_text,2W6U_1,772,0.947239263803681,0,0,P48632,6,pdb:exists;afdb:exists
tbdt_q9i2j4,tbdt_q9i2j4_9fvq_a,tbdt,,Q9I2J4,9FVQ,A,raw_af2/AF-Q9I2J4-F1-model_v6.pdb,raw_pdb/9FVQ.cif,substrate_bound,substrate_bound,unknown_siderophore,unknown_siderophore,188;A1IG8;EDO;K;P2D,,,false,,2.031,X-RAY DIFFRACTION,,train,gold candidate from RCSB:TBDT_Pfam_InterPro_text; region annotation required before supervised displacement use.,gold_displacement,gold,1.0,RCSB,RCSB:TBDT_Pfam_InterPro_text,9FVQ_1,670,0.8333333333333334,0,0,Q9I2J4,6,cif:downloaded;afdb:exists
tbdt_p48632,tbdt_p48632_2w77_a,tbdt,,P48632,2W77,A,raw_af2/AF-P48632-F1-model_v6.pdb,raw_pdb/2W77.pdb,substrate_bound,substrate_bound,unknown_siderophore,unknown_siderophore,FE;PVE,,,false,,2.9,X-RAY DIFFRACTION,,train,gold candidate from RCSB:TBDT_Pfam_InterPro_text; region annotation required before supervised displacement use.,gold_displacement,gold,1.0,RCSB,RCSB:TBDT_Pfam_InterPro_text,2W77_1,772,0.947239263803681,0,0,P48632,6,pdb:exists;afdb:exists
tbdt_q9i116,tbdt_q9i116_8rmi_a,tbdt,,Q9I116,8RMI,A,raw_af2/AF-Q9I116-F1-model_v6.pdb,raw_pdb/8RMI.cif,substrate_bound,substrate_bound,unknown_siderophore,unknown_siderophore,A1H1Z;FE,,,false,,2.48,X-RAY DIFFRACTION,,train,gold candidate from RCSB:TBDT_Pfam_InterPro_text; region annotation required before supervised displacement use.,gold_displacement,gold,1.0,RCSB,RCSB:TBDT_Pfam_InterPro_text,8RMI_1,820,1.0,0,0,Q9I116,6,cif:downloaded;afdb:exists
tbdt_q9i116,tbdt_q9i116_8rm3_a,tbdt,,Q9I116,8RM3,A,raw_af2/AF-Q9I116-F1-model_v6.pdb,raw_pdb/8RM3.cif,substrate_bound,substrate_bound,unknown_siderophore,unknown_siderophore,NA,,,false,,2.22,X-RAY DIFFRACTION,,train,gold candidate from RCSB:TBDT_Pfam_InterPro_text; region annotation required before supervised displacement use.,gold_displacement,gold,1.0,RCSB,RCSB:TBDT_Pfam_InterPro_text,8RM3_1,820,1.0,0,0,Q9I116,6,cif:downloaded;afdb:exists
tbdt_p48632,tbdt_p48632_2w16_a,tbdt,,P48632,2W16,A,raw_af2/AF-P48632-F1-model_v6.pdb,raw_pdb/2W16.pdb,substrate_bound,substrate_bound,unknown_siderophore,unknown_siderophore,FE;PVE,,,false,,2.71,X-RAY DIFFRACTION,,train,gold candidate from RCSB:TBDT_Pfam_InterPro_text; region annotation required before supervised displacement use.,gold_displacement,gold,1.0,RCSB,RCSB:TBDT_Pfam_InterPro_text,2W16_1,772,0.947239263803681,0,0,P48632,6,pdb:exists;afdb:exists
tbdt_p48632,tbdt_p48632_2w78_a,tbdt,,P48632,2W78,A,raw_af2/AF-P48632-F1-model_v6.pdb,raw_pdb/2W78.pdb,substrate_bound,substrate_bound,unknown_siderophore,unknown_siderophore,FE;PVE,,,false,,3.0,X-RAY DIFFRACTION,,train,gold candidate from RCSB:TBDT_Pfam_InterPro_text; region annotation required before supervised displacement use.,gold_displacement,gold,1.0,RCSB,RCSB:TBDT_Pfam_InterPro_text,2W78_1,772,0.947239263803681,0,0,P48632,6,pdb:exists;afdb:exists
tbdt_p48632,tbdt_p48632_2w76_a,tbdt,,P48632,2W76,A,raw_af2/AF-P48632-F1-model_v6.pdb,raw_pdb/2W76.pdb,substrate_bound,substrate_bound,unknown_siderophore,unknown_siderophore,FE;PVE,,,false,,2.8,X-RAY DIFFRACTION,,train,gold candidate from RCSB:TBDT_Pfam_InterPro_text; region annotation required before supervised displacement use.,gold_displacement,gold,1.0,RCSB,RCSB:TBDT_Pfam_InterPro_text,2W76_1,772,0.947239263803681,0,0,P48632,6,pdb:exists;afdb:exists
tbdt_p17315,tbdt_p17315_2hdi_a,tbdt,,P17315,2HDI,A,raw_af2/AF-P17315-F1-model_v6.pdb,raw_pdb/2HDI.pdb,substrate_bound,substrate_bound,unknown_siderophore,unknown_siderophore,,,,false,,2.5,X-RAY DIFFRACTION,,test,gold candidate from RCSB:TBDT_Pfam_InterPro_text; region annotation required before supervised displacement use.,gold_displacement,gold,1.0,RCSB,RCSB:TBDT_Pfam_InterPro_text,2HDI_1,639,0.9622926093514329,4,0,P17315,6,pdb:exists;afdb:exists
tbdt_p17315,tbdt_p17315_2hdf_a,tbdt,,P17315,2HDF,A,raw_af2/AF-P17315-F1-model_v6.pdb,raw_pdb/2HDF.pdb,substrate_bound,substrate_bound,unknown_siderophore,unknown_siderophore,SR,,,false,,2.65,X-RAY DIFFRACTION,,test,gold candidate from RCSB:TBDT_Pfam_InterPro_text; region annotation required before supervised displacement use.,gold_displacement,gold,1.0,RCSB,RCSB:TBDT_Pfam_InterPro_text,2HDF_1,639,0.9622926093514329,10,0,P17315,6,pdb:exists;afdb:exists
tbdt_q8a5h5,tbdt_q8a5h5_5fq6_b,tbdt,,Q8A5H5,5FQ6,B,raw_af2/AF-Q8A5H5-F1-model_v6.pdb,raw_pdb/5FQ6.pdb,metal_only,metal_only,none,none,CA;NA,,,false,,2.8,X-RAY DIFFRACTION,,train,gold candidate from RCSB:TBDT_Pfam_InterPro_text; region annotation required before supervised displacement use.,gold_displacement,gold,1.0,RCSB,RCSB:TBDT_Pfam_InterPro_text,5FQ6_2,984,1.0,0,0,Q8A5H5,6,pdb:exists;afdb:exists
tbdt_q79ad2,tbdt_q79ad2_5c58_a,tbdt,,Q79AD2,5C58,A,raw_af2/AF-Q79AD2-F1-model_v6.pdb,raw_pdb/5C58.pdb,substrate_bound,substrate_bound,heme,heme,HEM,,,false,,2.795,X-RAY DIFFRACTION,,train,gold candidate from RCSB:TBDT_Pfam_InterPro_text; region annotation required before supervised displacement use.,gold_displacement,gold,1.0,RCSB,RCSB:TBDT_Pfam_InterPro_text,5C58_1,865,0.9621802002224694,3,0,Q79AD2,6,pdb:exists;afdb:exists
tbdt_d0cc21,tbdt_d0cc21_6h7v_a,tbdt,,D0CC21,6H7V,A,raw_af2/AF-D0CC21-F1-model_v6.pdb,raw_pdb/6H7V.pdb,apo,apo,none,none,,,,false,,2.54,X-RAY DIFFRACTION,,train,gold candidate from RCSB:TBDT_Pfam_InterPro_text; region annotation required before supervised displacement use.,gold_displacement,gold,1.0,RCSB,RCSB:TBDT_Pfam_InterPro_text,6H7V_1,706,0.9177545691906005,0,0,D0CC21,6,pdb:exists;afdb:exists
btub_p06129,btub_p06129_1nqe_a,btub,btub,P06129,1NQE,A,raw_af2/AF-P06129-F1-model_v6.pdb,raw_pdb/1NQE.pdb,substrate_bound,substrate_bound,cobalamin,cobalamin,MG,,,false,,2.0,X-RAY DIFFRACTION,,test,gold candidate from RCSB:TBDT_Pfam_InterPro_text; region annotation required before supervised displacement use.,gold_displacement,gold,1.0,RCSB,RCSB:TBDT_Pfam_InterPro_text,1NQE_1,594,0.9674267100977199,0,0,P06129,6,pdb:exists;afdb:exists
tbdt_p75780,tbdt_p75780_6bpo_a,tbdt,,P75780,6BPO,A,raw_af2/AF-P75780-F1-model_v6.pdb,raw_pdb/6BPO.pdb,substrate_bound,substrate_bound,unknown_siderophore,unknown_siderophore,,,,false,,2.9,X-RAY DIFFRACTION,,train,gold candidate from RCSB:TBDT_Pfam_InterPro_text; region annotation required before supervised displacement use.,gold_displacement,gold,1.0,RCSB,RCSB:TBDT_Pfam_InterPro_text,6BPO_1,727,0.9565789473684211,0,0,P75780,6,pdb:exists;afdb:exists
tbdt_q9jzn9,tbdt_q9jzn9_4rdr_a,tbdt,,Q9JZN9,4RDR,A,raw_af2/AF-Q9JZN9-F1-model_v6.pdb,raw_pdb/4RDR.pdb,substrate_bound,substrate_bound,unknown_siderophore,unknown_siderophore,CD;ZN,,,false,,2.472,X-RAY DIFFRACTION,,train,gold candidate from RCSB:TBDT_Pfam_InterPro_text; region annotation required before supervised displacement use.,gold_displacement,gold,1.0,RCSB,RCSB:TBDT_Pfam_InterPro_text,4RDR_1,748,0.9683377308707124,0,0,Q9JZN9,6,pdb:exists;afdb:exists
tbdt_q9jzn9,tbdt_q9jzn9_4rdt_a,tbdt,,Q9JZN9,4RDT,A,raw_af2/AF-Q9JZN9-F1-model_v6.pdb,raw_pdb/4RDT.pdb,substrate_bound,substrate_bound,unknown_siderophore,unknown_siderophore,ZN,,,false,,3.2,X-RAY DIFFRACTION,,train,gold candidate from RCSB:TBDT_Pfam_InterPro_text; region annotation required before supervised displacement use.,gold_displacement,gold,1.0,RCSB,RCSB:TBDT_Pfam_InterPro_text,4RDT_1,748,0.9683377308707124,0,0,Q9JZN9,6,pdb:exists;afdb:exists
btub_p06129,btub_p06129_2guf_a,btub,btub,P06129,2GUF,A,raw_af2/AF-P06129-F1-model_v6.pdb,raw_pdb/2GUF.pdb,apo,apo,none,none,,,,false,,1.95,X-RAY DIFFRACTION,,test,gold candidate from RCSB:TBDT_Pfam_InterPro_text; region annotation required before supervised displacement use.,gold_displacement,gold,1.0,RCSB,RCSB:TBDT_Pfam_InterPro_text,2GUF_1,594,0.9674267100977199,0,0,P06129,6,pdb:exists;afdb:exists
tbdt_q8a621,tbdt_q8a621_9gbc_a,tbdt,,Q8A621,9GBC,A,raw_af2/AF-Q8A621-F1-model_v6.pdb,raw_pdb/9GBC.pdb,substrate_bound,substrate_bound,unknown_siderophore,unknown_siderophore,,,,false,,2.7,ELECTRON MICROSCOPY,,test,gold candidate from RCSB:TBDT_Pfam_InterPro_text; region annotation required before supervised displacement use.,gold_displacement,gold,1.0,RCSB,RCSB:TBDT_Pfam_InterPro_text,9GBC_1,796,1.0,0,0,Q8A621,6,pdb:exists;afdb:exists
tbdt_q6d8u4,tbdt_q6d8u4_4zgv_a,tbdt,,Q6D8U4,4ZGV,A,raw_af2/AF-Q6D8U4-F1-model_v6.pdb,raw_pdb/4ZGV.pdb,apo,apo,none,none,,,,false,,3.2,X-RAY DIFFRACTION,,train,gold candidate from RCSB:TBDT_Pfam_InterPro_text; region annotation required before supervised displacement use.,gold_displacement,gold,1.0,RCSB,RCSB:TBDT_Pfam_InterPro_text,4ZGV_1,868,0.9848837209302326,0,0,Q6D8U4,6,pdb:exists;afdb:exists
btub_p06129,btub_p06129_3m8d_a,btub,btub,P06129,3M8D,A,raw_af2/AF-P06129-F1-model_v6.pdb,raw_pdb/3M8D.pdb,substrate_bound,substrate_bound,cobalamin,cobalamin,CA;MTN,,,false,,2.44,X-RAY DIFFRACTION,,test,gold candidate from RCSB:TBDT_Pfam_InterPro_text; region annotation required before supervised displacement use.,gold_displacement,gold,1.0,RCSB,RCSB:TBDT_Pfam_InterPro_text,3M8D_1,594,0.9674267100977199,0,0,P06129,6,pdb:exists;afdb:exists
btub_p06129,btub_p06129_2ysu_a,btub,btub,P06129,2YSU,A,raw_af2/AF-P06129-F1-model_v6.pdb,raw_pdb/2YSU.pdb,substrate_bound,substrate_bound,cobalamin,cobalamin,,,,false,,3.5,X-RAY DIFFRACTION,,test,gold candidate from RCSB:TBDT_Pfam_InterPro_text; region annotation required before supervised displacement use.,gold_displacement,gold,1.0,RCSB,RCSB:TBDT_Pfam_InterPro_text,2YSU_1,594,0.9674267100977199,0,0,P06129,6,pdb:exists;afdb:exists
fepa_q05098,fepa_q05098_5out_a,fepa,fepa,Q05098,5OUT,A,raw_af2/AF-Q05098-F1-model_v6.pdb,raw_pdb/5OUT.pdb,apo,apo,none,none,,,,false,,2.9,X-RAY DIFFRACTION,,train,gold candidate from RCSB:TBDT_Pfam_InterPro_text; region annotation required before supervised displacement use.,gold_displacement,gold,1.0,RCSB,RCSB:TBDT_Pfam_InterPro_text,5OUT_1,721,0.9664879356568364,1,0,Q05098,6,pdb:exists;afdb:exists
fhua_p06971,fhua_p06971_1qjq_a,fhua,fhua,P06971,1QJQ,A,raw_af2/AF-P06971-F1-model_v6.pdb,raw_pdb/1QJQ.pdb,substrate_bound,substrate_bound,ferrichrome,ferrichrome,DPO;FTT;NI;PO4,,,false,,2.95,X-RAY DIFFRACTION,,val,gold candidate from RCSB:TBDT_Pfam_InterPro_text; region annotation required before supervised displacement use.,gold_displacement,gold,1.0,RCSB,RCSB:TBDT_Pfam_InterPro_text,1QJQ_1,725,0.9558232931726908,0,0,P06971,6,pdb:exists;afdb:exists
fhua_p06971,fhua_p06971_1qkc_a,fhua,fhua,P06971,1QKC,A,raw_af2/AF-P06971-F1-model_v6.pdb,raw_pdb/1QKC.pdb,substrate_bound,substrate_bound,ferrichrome,ferrichrome,DPO;FTT;NI;PO4,,,false,,3.1,X-RAY DIFFRACTION,,val,gold candidate from RCSB:TBDT_Pfam_InterPro_text; region annotation required before supervised displacement use.,gold_displacement,gold,1.0,RCSB,RCSB:TBDT_Pfam_InterPro_text,1QKC_1,725,0.9558232931726908,0,0,P06971,6,pdb:exists;afdb:exists
feca_p13036,feca_p13036_1pnz_a,feca,feca,P13036,1PNZ,A,raw_af2/AF-P13036-F1-model_v6.pdb,raw_pdb/1PNZ.pdb,apo,apo,none,none,,,,false,,2.5,X-RAY DIFFRACTION,,val,gold candidate from RCSB:TBDT_Pfam_InterPro_text; region annotation required before supervised displacement use.,gold_displacement,gold,1.0,RCSB,RCSB:TBDT_Pfam_InterPro_text,1PNZ_1,751,0.9573643410852714,0,0,P13036,6,pdb:exists;afdb:exists
tbdt_q79ad2,tbdt_q79ad2_3csl_a,tbdt,,Q79AD2,3CSL,A,raw_af2/AF-Q79AD2-F1-model_v6.pdb,raw_pdb/3CSL.pdb,substrate_bound,substrate_bound,heme,heme,HEM,,,false,,2.7,X-RAY DIFFRACTION,,train,gold candidate from RCSB:TBDT_Pfam_InterPro_text; region annotation required before supervised displacement use.,gold_displacement,gold,1.0,RCSB,RCSB:TBDT_Pfam_InterPro_text,3CSL_1,865,0.9621802002224694,0,0,Q79AD2,6,pdb:exists;afdb:exists
feca_p13036,feca_p13036_1po0_a,feca,feca,P13036,1PO0,A,raw_af2/AF-P13036-F1-model_v6.pdb,raw_pdb/1PO0.pdb,apo,apo,none,none,,,,false,,2.15,X-RAY DIFFRACTION,,val,gold candidate from RCSB:TBDT_Pfam_InterPro_text; region annotation required before supervised displacement use.,gold_displacement,gold,1.0,RCSB,RCSB:TBDT_Pfam_InterPro_text,1PO0_1,751,0.9573643410852714,0,0,P13036,6,pdb:exists;afdb:exists
tbdt_q9k0u9,tbdt_q9k0u9_3v8x_a,tbdt,,Q9K0U9,3V8X,A,raw_af2/AF-Q9K0U9-F1-model_v6.pdb,raw_pdb/3V8X.pdb,substrate_bound,substrate_bound,unknown_siderophore,unknown_siderophore,,,,false,,2.6,X-RAY DIFFRACTION,,train,gold candidate from RCSB:TBDT_Pfam_InterPro_text; region annotation required before supervised displacement use.,gold_displacement,gold,1.0,RCSB,RCSB:TBDT_Pfam_InterPro_text,3V8X_1,904,0.9737704918032787,2,0,Q9K0U9,6,pdb:exists;afdb:exists
tbdt_p76115,tbdt_p76115_9c4o_a,tbdt,,P76115,9C4O,A,raw_af2/AF-P76115-F1-model_v6.pdb,raw_pdb/9C4O.pdb,substrate_bound,substrate_bound,unknown_siderophore,unknown_siderophore,CA,,,false,,1.99,ELECTRON MICROSCOPY,,train,gold candidate from RCSB:TBDT_Pfam_InterPro_text; region annotation required before supervised displacement use.,gold_displacement,gold,1.0,RCSB,RCSB:TBDT_Pfam_InterPro_text,9C4O_1,707,0.9671428571428572,0,0,P76115,6,pdb:exists;afdb:exists
feca_p13036,feca_p13036_1po3_a,feca,feca,P13036,1PO3,A,raw_af2/AF-P13036-F1-model_v6.pdb,raw_pdb/1PO3.pdb,productive_substrate_bound,productive_substrate_bound,ferric_citrate,ferric_citrate,FE;FLC,,,false,,3.4,X-RAY DIFFRACTION,,val,gold candidate from RCSB:TBDT_Pfam_InterPro_text; region annotation required before supervised displacement use.,gold_displacement,gold,1.0,RCSB,RCSB:TBDT_Pfam_InterPro_text,1PO3_1,751,0.9573643410852714,0,0,P13036,6,pdb:exists;afdb:exists
fhua_p06971,fhua_p06971_1by3_a,fhua,fhua,P06971,1BY3,A,raw_af2/AF-P06971-F1-model_v6.pdb,raw_pdb/1BY3.pdb,substrate_bound,substrate_bound,ferrichrome,ferrichrome,,,,false,,2.74,X-RAY DIFFRACTION,,val,gold candidate from RCSB:TBDT_Pfam_InterPro_text; region annotation required before supervised displacement use.,gold_displacement,gold,1.0,RCSB,RCSB:TBDT_Pfam_InterPro_text,1BY3_1,714,0.9558232931726908,0,0,P06971,6,pdb:exists;afdb:exists
btub_p06129,btub_p06129_1ujw_a,btub,btub,P06129,1UJW,A,raw_af2/AF-P06129-F1-model_v6.pdb,raw_pdb/1UJW.pdb,substrate_bound,substrate_bound,cobalamin,cobalamin,AAE;GP1;LIM,,,false,,2.75,X-RAY DIFFRACTION,,test,gold candidate from RCSB:TBDT_Pfam_InterPro_text; region annotation required before supervised displacement use.,gold_displacement,gold,1.0,RCSB,RCSB:TBDT_Pfam_InterPro_text,1UJW_1,594,0.9674267100977199,0,0,P06129,6,pdb:exists;afdb:exists
fhua_p06971,fhua_p06971_1by5_a,fhua,fhua,P06971,1BY5,A,raw_af2/AF-P06971-F1-model_v6.pdb,raw_pdb/1BY5.pdb,substrate_bound,substrate_bound,ferrichrome,ferrichrome,FE,,,false,,2.6,X-RAY DIFFRACTION,,val,gold candidate from RCSB:TBDT_Pfam_InterPro_text; region annotation required before supervised displacement use.,gold_displacement,gold,1.0,RCSB,RCSB:TBDT_Pfam_InterPro_text,1BY5_1,714,0.9558232931726908,0,0,P06971,6,pdb:exists;afdb:exists
fhua_p06971,fhua_p06971_1fi1_a,fhua,fhua,P06971,1FI1,A,raw_af2/AF-P06971-F1-model_v6.pdb,raw_pdb/1FI1.pdb,substrate_bound,substrate_bound,ferrichrome,ferrichrome,DPO;FTT;NA;NI;PO4,,,false,,2.9,X-RAY DIFFRACTION,,val,gold candidate from RCSB:TBDT_Pfam_InterPro_text; region annotation required before supervised displacement use.,gold_displacement,gold,1.0,RCSB,RCSB:TBDT_Pfam_InterPro_text,1FI1_1,707,0.9317269076305221,0,0,P06971,6,pdb:exists;afdb:exists
tbdt_q76hj9,tbdt_q76hj9_6h7f_a,tbdt,,Q76HJ9,6H7F,A,raw_af2/AF-Q76HJ9-F1-model_v6.pdb,raw_pdb/6H7F.pdb,substrate_bound,substrate_bound,unknown_siderophore,unknown_siderophore,FE;FV8;OPV;OPZ,,,false,,2.26,X-RAY DIFFRACTION,,train,gold candidate from RCSB:TBDT_Pfam_InterPro_text; region annotation required before supervised displacement use.,gold_displacement,gold,1.0,RCSB,RCSB:TBDT_Pfam_InterPro_text,6H7F_1,706,0.9696551724137931,0,0,Q76HJ9,6,pdb:exists;afdb:exists
fhua_p06971,fhua_p06971_1qff_a,fhua,fhua,P06971,1QFF,A,raw_af2/AF-P06971-F1-model_v6.pdb,raw_pdb/1QFF.pdb,substrate_bound,substrate_bound,ferrichrome,ferrichrome,DAO;DPO;EAP;FTT;MYR;PO4,,,false,,2.7,X-RAY DIFFRACTION,,val,gold candidate from RCSB:TBDT_Pfam_InterPro_text; region annotation required before supervised displacement use.,gold_displacement,gold,1.0,RCSB,RCSB:TBDT_Pfam_InterPro_text,1QFF_1,725,0.9558232931726908,0,0,P06971,6,pdb:exists;afdb:exists
tbdt_q6d8u4,tbdt_q6d8u4_9rhr_a,tbdt,,Q6D8U4,9RHR,A,raw_af2/AF-Q6D8U4-F1-model_v6.pdb,raw_pdb/9RHR.cif,apo,apo,none,none,,,,false,,2.4,ELECTRON MICROSCOPY,,train,gold candidate from RCSB:TBDT_Pfam_InterPro_text; region annotation required before supervised displacement use.,gold_displacement,gold,1.0,RCSB,RCSB:TBDT_Pfam_InterPro_text,9RHR_1,868,0.9848837209302326,0,0,Q6D8U4,6,cif:downloaded;afdb:exists
fhua_p06971,fhua_p06971_1fcp_a,fhua,fhua,P06971,1FCP,A,raw_af2/AF-P06971-F1-model_v6.pdb,raw_pdb/1FCP.pdb,substrate_bound,substrate_bound,ferrichrome,ferrichrome,NI,,,false,,2.7,X-RAY DIFFRACTION,,val,gold candidate from RCSB:TBDT_Pfam_InterPro_text; region annotation required before supervised displacement use.,gold_displacement,gold,1.0,RCSB,RCSB:TBDT_Pfam_InterPro_text,1FCP_1,705,0.9317269076305221,0,0,P06971,6,pdb:exists;afdb:exists
fhua_p06971,fhua_p06971_2fcp_a,fhua,fhua,P06971,2FCP,A,raw_af2/AF-P06971-F1-model_v6.pdb,raw_pdb/2FCP.pdb,substrate_bound,substrate_bound,ferrichrome,ferrichrome,AAE;EA2;LIL;LIM;NI,,,false,,2.5,X-RAY DIFFRACTION,,val,gold candidate from RCSB:TBDT_Pfam_InterPro_text; region annotation required before supervised displacement use.,gold_displacement,gold,1.0,RCSB,RCSB:TBDT_Pfam_InterPro_text,2FCP_1,723,0.9558232931726908,0,0,P06971,6,pdb:exists;afdb:exists
tbdt_q8a365,tbdt_q8a365_8aa4_a,tbdt,,Q8A365,8AA4,A,raw_af2/AF-Q8A365-F1-model_v6.pdb,raw_pdb/8AA4.pdb,apo,apo,none,none,,,,false,,3.1,ELECTRON MICROSCOPY,,train,gold candidate from RCSB:TBDT_Pfam_InterPro_text; region annotation required before supervised displacement use.,gold_displacement,gold,1.0,RCSB,RCSB:TBDT_Pfam_InterPro_text,8AA4_1,999,1.0,0,0,Q8A365,6,pdb:exists;afdb:exists
tbdt_q9i116,tbdt_q9i116_6i98_a,tbdt,,Q9I116,6I98,A,raw_af2/AF-Q9I116-F1-model_v6.pdb,raw_pdb/6I98.pdb,substrate_bound,substrate_bound,unknown_siderophore,unknown_siderophore,NA;NI,,,false,,2.8,X-RAY DIFFRACTION,,train,gold candidate from RCSB:TBDT_Pfam_InterPro_text; region annotation required before supervised displacement use.,gold_displacement,gold,1.0,RCSB,RCSB:TBDT_Pfam_InterPro_text,6I98_1,677,0.8256097560975609,0,0,Q9I116,6,pdb:exists;afdb:exists
tbdt_a0a0h2vc22,tbdt_a0a0h2vc22_9dis_b,tbdt,,A0A0H2VC22,9DIS,B,raw_af2/AF-A0A0H2VC22-F1-model_v6.pdb,raw_pdb/9DIS.pdb,substrate_bound,substrate_bound,heme,heme,,,,false,,2.51,ELECTRON MICROSCOPY,,train,gold candidate from RCSB:TBDT_Pfam_InterPro_text; region annotation required before supervised displacement use.,gold_displacement,gold,1.0,RCSB,RCSB:TBDT_Pfam_InterPro_text,9DIS_2,632,0.9753086419753086,0,0,A0A0H2VC22,6,pdb:exists;afdb:exists
tbdt_a0a0h2vc22,tbdt_a0a0h2vc22_9dir_b,tbdt,,A0A0H2VC22,9DIR,B,raw_af2/AF-A0A0H2VC22-F1-model_v6.pdb,raw_pdb/9DIR.cif,substrate_bound,substrate_bound,heme,heme,,,,false,,2.97,ELECTRON MICROSCOPY,,train,gold candidate from RCSB:TBDT_Pfam_InterPro_text; region annotation required before supervised displacement use.,gold_displacement,gold,1.0,RCSB,RCSB:TBDT_Pfam_InterPro_text,9DIR_2,632,0.9753086419753086,0,0,A0A0H2VC22,6,cif:downloaded;afdb:exists
tbdt_g3xd89,tbdt_g3xd89_6fom_a,tbdt,,G3XD89,6FOM,A,raw_af2/AF-G3XD89-F1-model_v6.pdb,raw_pdb/6FOM.pdb,apo,apo,none,none,,,,false,,2.9,X-RAY DIFFRACTION,,train,gold candidate from RCSB:TBDT_Pfam_InterPro_text; region annotation required before supervised displacement use.,gold_displacement,gold,1.0,RCSB,RCSB:TBDT_Pfam_InterPro_text,6FOM_1,723,1.0,2,0,G3XD89,6,pdb:exists;afdb:exists
tbdt_a0a023l3g7,tbdt_a0a023l3g7_9dhe_a,tbdt,,A0A023L3G7,9DHE,A,raw_af2/AF-A0A023L3G7-F1-model_v6.pdb,raw_pdb/9DHE.pdb,substrate_bound,substrate_bound,heme,heme,HEM,,,false,,3.2,X-RAY DIFFRACTION,,val,gold candidate from RCSB:TBDT_Pfam_InterPro_text; region annotation required before supervised displacement use.,gold_displacement,gold,1.0,RCSB,RCSB:TBDT_Pfam_InterPro_text,9DHE_1,632,0.9575757575757575,0,0,A0A023L3G7,6,pdb:exists;afdb:exists
btub_q8a7n5,btub_q8a7n5_8blw_a,btub,btub,Q8A7N5,8BLW,A,raw_af2/AF-Q8A7N5-F1-model_v6.pdb,raw_pdb/8BLW.cif,apo,apo,none,none,,,,false,,3.22,ELECTRON MICROSCOPY,,test,gold candidate from RCSB:TBDT_Pfam_InterPro_text; region annotation required before supervised displacement use.,gold_displacement,gold,1.0,RCSB,RCSB:TBDT_Pfam_InterPro_text,8BLW_1,690,1.0,0,0,Q8A7N5,6,cif:downloaded;afdb:exists
tbdt_q8a6w4,tbdt_q8a6w4_5t4y_a,tbdt,,Q8A6W4,5T4Y,A,raw_af2/AF-Q8A6W4-F1-model_v6.pdb,raw_pdb/5T4Y.pdb,apo,apo,none,none,MG,,,false,,3.1,X-RAY DIFFRACTION,,val,gold candidate from RCSB:TBDT_Pfam_InterPro_text; region annotation required before supervised displacement use.,gold_displacement,gold,1.0,RCSB,RCSB:TBDT_Pfam_InterPro_text,5T4Y_1,576,1.0,0,0,Q8A6W4,6,pdb:exists;afdb:exists
tbdt_q8a6w4,tbdt_q8a6w4_5t3r_a,tbdt,,Q8A6W4,5T3R,A,raw_af2/AF-Q8A6W4-F1-model_v6.pdb,raw_pdb/5T3R.pdb,apo,apo,none,none,MG;NA,,,false,,3.1,X-RAY DIFFRACTION,,val,gold candidate from RCSB:TBDT_Pfam_InterPro_text; region annotation required before supervised displacement use.,gold_displacement,gold,1.0,RCSB,RCSB:TBDT_Pfam_InterPro_text,5T3R_1,576,1.0,0,0,Q8A6W4,6,pdb:exists;afdb:exists
tbdt_q7mxj7,tbdt_q7mxj7_6sm3_b,tbdt,,Q7MXJ7,6SM3,B,raw_af2/AF-Q7MXJ7-F1-model_v6.pdb,raw_pdb/6SM3.pdb,uncertain,uncertain,none,none,5PL;PLM,,,false,,3.3,ELECTRON MICROSCOPY,,train,gold candidate from RCSB:TBDT_Pfam_InterPro_text; region annotation required before supervised displacement use.,gold_displacement,gold,1.0,RCSB,RCSB:TBDT_Pfam_InterPro_text,6SM3_2,903,0.887905604719764,0,0,Q7MXJ7,6,pdb:exists;afdb:exists
tbdt_q7mxj7,tbdt_q7mxj7_6smq_e,tbdt,,Q7MXJ7,6SMQ,E,raw_af2/AF-Q7MXJ7-F1-model_v6.pdb,raw_pdb/6SMQ.pdb,uncertain,uncertain,none,none,5PL;PLM,,,false,,3.3,ELECTRON MICROSCOPY,,train,gold candidate from RCSB:TBDT_Pfam_InterPro_text; region annotation required before supervised displacement use.,gold_displacement,gold,1.0,RCSB,RCSB:TBDT_Pfam_InterPro_text,6SMQ_4,915,0.8997050147492626,0,0,Q7MXJ7,6,pdb:exists;afdb:exists
tbdt_q7mxj7,tbdt_q7mxj7_6smq_b,tbdt,,Q7MXJ7,6SMQ,B,raw_af2/AF-Q7MXJ7-F1-model_v6.pdb,raw_pdb/6SMQ.pdb,uncertain,uncertain,none,none,5PL;PLM,,,false,,3.3,ELECTRON MICROSCOPY,,train,gold candidate from RCSB:TBDT_Pfam_InterPro_text; region annotation required before supervised displacement use.,gold_displacement,gold,1.0,RCSB,RCSB:TBDT_Pfam_InterPro_text,6SMQ_2,903,0.887905604719764,0,0,Q7MXJ7,6,pdb:exists;afdb:exists
tbdt_q9jpj0,tbdt_q9jpj0_9dc4_a,tbdt,,Q9JPJ0,9DC4,A,raw_af2/AF-Q9JPJ0-F1-model_v6.pdb,raw_pdb/9DC4.cif,substrate_bound,substrate_bound,unknown_siderophore,unknown_siderophore,BCT;FE,,,false,,3.1,ELECTRON MICROSCOPY,,train,gold candidate from RCSB:TBDT_Pfam_InterPro_text; region annotation required before supervised displacement use.,gold_displacement,gold,1.0,RCSB,RCSB:TBDT_Pfam_InterPro_text,9DC4_1,915,0.9737704918032787,0,0,Q9JPJ0,6,cif:downloaded;afdb:exists
tbdt_q7mxj7,tbdt_q7mxj7_6slj_a,tbdt,,Q7MXJ7,6SLJ,A,raw_af2/AF-Q7MXJ7-F1-model_v6.pdb,raw_pdb/6SLJ.pdb,uncertain,uncertain,none,none,PLM,,,false,,3.04,X-RAY DIFFRACTION,,train,gold candidate from RCSB:TBDT_Pfam_InterPro_text; region annotation required before supervised displacement use.,gold_displacement,gold,1.0,RCSB,RCSB:TBDT_Pfam_InterPro_text,6SLJ_1,997,0.9803343166175025,0,0,Q7MXJ7,6,pdb:exists;afdb:exists
tbdt_f5h948,tbdt_f5h948_6sml_a,tbdt,,F5H948,6SML,A,raw_af2/AF-F5H948-F1-model_v6.pdb,raw_pdb/6SML.pdb,uncertain,uncertain,none,none,5PL,,,false,,3.4,ELECTRON MICROSCOPY,,train,gold candidate from RCSB:TBDT_Pfam_InterPro_text; region annotation required before supervised displacement use.,gold_displacement,gold,1.0,RCSB,RCSB:TBDT_Pfam_InterPro_text,6SML_1,482,0.9620758483033932,0,0,F5H948,6,pdb:exists;afdb:exists
tbdt_q7mxj7,tbdt_q7mxj7_6sli_b,tbdt,,Q7MXJ7,6SLI,B,raw_af2/AF-Q7MXJ7-F1-model_v6.pdb,raw_pdb/6SLI.pdb,uncertain,uncertain,none,none,5PL,,,false,,3.38,X-RAY DIFFRACTION,,train,gold candidate from RCSB:TBDT_Pfam_InterPro_text; region annotation required before supervised displacement use.,gold_displacement,gold,1.0,RCSB,RCSB:TBDT_Pfam_InterPro_text,6SLI_2,997,0.9803343166175025,0,0,Q7MXJ7,6,pdb:exists;afdb:exists
tbdt_f5h948,tbdt_f5h948_6sln_c,tbdt,,F5H948,6SLN,C,raw_af2/AF-F5H948-F1-model_v6.pdb,raw_pdb/6SLN.pdb,uncertain,uncertain,none,none,PLM,,,false,,2.61,X-RAY DIFFRACTION,,train,gold candidate from RCSB:TBDT_Pfam_InterPro_text; region annotation required before supervised displacement use.,gold_displacement,gold,1.0,RCSB,RCSB:TBDT_Pfam_InterPro_text,6SLN_2,488,0.9620758483033932,0,0,F5H948,6,pdb:exists;afdb:exists
tbdt_g3xd89,tbdt_g3xd89_6z8y_a,tbdt,,G3XD89,6Z8Y,A,raw_af2/AF-G3XD89-F1-model_v6.pdb,raw_pdb/6Z8Y.pdb,apo,apo,none,none,,,,false,,2.78,X-RAY DIFFRACTION,,train,gold candidate from RCSB:TBDT_Pfam_InterPro_text; region annotation required before supervised displacement use.,gold_displacement,gold,1.0,RCSB,RCSB:TBDT_Pfam_InterPro_text,6Z8Y_1,723,1.0,1,0,G3XD89,6,pdb:exists;afdb:exists
tbdt_g3xd89,tbdt_g3xd89_6z8z_a,tbdt,,G3XD89,6Z8Z,A,raw_af2/AF-G3XD89-F1-model_v6.pdb,raw_pdb/6Z8Z.pdb,apo,apo,none,none,,,,false,,2.56,X-RAY DIFFRACTION,,train,gold candidate from RCSB:TBDT_Pfam_InterPro_text; region annotation required before supervised displacement use.,gold_displacement,gold,1.0,RCSB,RCSB:TBDT_Pfam_InterPro_text,6Z8Z_1,723,1.0,1,0,G3XD89,6,pdb:exists;afdb:exists
tbdt_g3xd89,tbdt_g3xd89_6z8u_a,tbdt,,G3XD89,6Z8U,A,raw_af2/AF-G3XD89-F1-model_v6.pdb,raw_pdb/6Z8U.pdb,substrate_bound,substrate_bound,unknown_siderophore,unknown_siderophore,AG,,,false,,2.61,X-RAY DIFFRACTION,,train,gold candidate from RCSB:TBDT_Pfam_InterPro_text; region annotation required before supervised displacement use.,gold_displacement,gold,1.0,RCSB,RCSB:TBDT_Pfam_InterPro_text,6Z8U_1,723,1.0,1,0,G3XD89,6,pdb:exists;afdb:exists
tbdt_g3xd89,tbdt_g3xd89_6z91_a,tbdt,,G3XD89,6Z91,A,raw_af2/AF-G3XD89-F1-model_v6.pdb,raw_pdb/6Z91.pdb,substrate_bound,substrate_bound,unknown_siderophore,unknown_siderophore,AG,,,false,,2.6,X-RAY DIFFRACTION,,train,gold candidate from RCSB:TBDT_Pfam_InterPro_text; region annotation required before supervised displacement use.,gold_displacement,gold,1.0,RCSB,RCSB:TBDT_Pfam_InterPro_text,6Z91_1,723,1.0,1,0,G3XD89,6,pdb:exists;afdb:exists
tbdt_g3xd89,tbdt_g3xd89_6z8s_a,tbdt,,G3XD89,6Z8S,A,raw_af2/AF-G3XD89-F1-model_v6.pdb,raw_pdb/6Z8S.pdb,substrate_bound,substrate_bound,unknown_siderophore,unknown_siderophore,CU1,,,false,,2.37,X-RAY DIFFRACTION,,train,gold candidate from RCSB:TBDT_Pfam_InterPro_text; region annotation required before supervised displacement use.,gold_displacement,gold,1.0,RCSB,RCSB:TBDT_Pfam_InterPro_text,6Z8S_1,723,1.0,1,0,G3XD89,6,pdb:exists;afdb:exists
tbdt_g3xd89,tbdt_g3xd89_6z8q_a,tbdt,,G3XD89,6Z8Q,A,raw_af2/AF-G3XD89-F1-model_v6.pdb,raw_pdb/6Z8Q.pdb,substrate_bound,substrate_bound,unknown_siderophore,unknown_siderophore,AG,,,false,,2.71,X-RAY DIFFRACTION,,train,gold candidate from RCSB:TBDT_Pfam_InterPro_text; region annotation required before supervised displacement use.,gold_displacement,gold,1.0,RCSB,RCSB:TBDT_Pfam_InterPro_text,6Z8Q_1,723,1.0,0,0,G3XD89,6,pdb:exists;afdb:exists
tbdt_g3xd89,tbdt_g3xd89_6z8r_a,tbdt,,G3XD89,6Z8R,A,raw_af2/AF-G3XD89-F1-model_v6.pdb,raw_pdb/6Z8R.pdb,substrate_bound,substrate_bound,unknown_siderophore,unknown_siderophore,CU,,,false,,2.38,X-RAY DIFFRACTION,,train,gold candidate from RCSB:TBDT_Pfam_InterPro_text; region annotation required before supervised displacement use.,gold_displacement,gold,1.0,RCSB,RCSB:TBDT_Pfam_InterPro_text,6Z8R_1,723,1.0,1,0,G3XD89,6,pdb:exists;afdb:exists
tbdt_g3xd89,tbdt_g3xd89_6z8t_a,tbdt,,G3XD89,6Z8T,A,raw_af2/AF-G3XD89-F1-model_v6.pdb,raw_pdb/6Z8T.pdb,substrate_bound,substrate_bound,unknown_siderophore,unknown_siderophore,AG,,,false,,2.86,X-RAY DIFFRACTION,,train,gold candidate from RCSB:TBDT_Pfam_InterPro_text; region annotation required before supervised displacement use.,gold_displacement,gold,1.0,RCSB,RCSB:TBDT_Pfam_InterPro_text,6Z8T_1,723,1.0,1,0,G3XD89,6,pdb:exists;afdb:exists
tbdt_g3xd89,tbdt_g3xd89_6z99_a,tbdt,,G3XD89,6Z99,A,raw_af2/AF-G3XD89-F1-model_v6.pdb,raw_pdb/6Z99.pdb,substrate_bound,substrate_bound,unknown_siderophore,unknown_siderophore,AG,,,false,,2.68,X-RAY DIFFRACTION,,train,gold candidate from RCSB:TBDT_Pfam_InterPro_text; region annotation required before supervised displacement use.,gold_displacement,gold,1.0,RCSB,RCSB:TBDT_Pfam_InterPro_text,6Z99_1,723,1.0,1,0,G3XD89,6,pdb:exists;afdb:exists
btub_p06129,btub_p06129_1nqg_a,btub,btub,P06129,1NQG,A,raw_af2/AF-P06129-F1-model_v6.pdb,raw_pdb/1NQG.pdb,substrate_bound,substrate_bound,cobalamin,cobalamin,CA,,,false,,3.31,X-RAY DIFFRACTION,,test,gold candidate from RCSB:TBDT_Pfam_InterPro_text; region annotation required before supervised displacement use.,gold_displacement,gold,1.0,RCSB,RCSB:TBDT_Pfam_InterPro_text,1NQG_1,594,0.9674267100977199,0,0,P06129,6,pdb:exists;afdb:exists
btub_p06129,btub_p06129_3rgn_a,btub,btub,P06129,3RGN,A,raw_af2/AF-P06129-F1-model_v6.pdb,raw_pdb/3RGN.pdb,substrate_bound,substrate_bound,cobalamin,cobalamin,MG;MTN,,,false,,2.3,X-RAY DIFFRACTION,,test,gold candidate from RCSB:TBDT_Pfam_InterPro_text; region annotation required before supervised displacement use.,gold_displacement,gold,1.0,RCSB,RCSB:TBDT_Pfam_InterPro_text,3RGN_1,594,0.9674267100977199,1,0,P06129,6,pdb:exists;afdb:exists
btub_p06129,btub_p06129_1nqf_a,btub,btub,P06129,1NQF,A,raw_af2/AF-P06129-F1-model_v6.pdb,raw_pdb/1NQF.pdb,substrate_bound,substrate_bound,cobalamin,cobalamin,MG,,,false,,2.7,X-RAY DIFFRACTION,,test,gold candidate from RCSB:TBDT_Pfam_InterPro_text; region annotation required before supervised displacement use.,gold_displacement,gold,1.0,RCSB,RCSB:TBDT_Pfam_InterPro_text,1NQF_1,594,0.9674267100977199,8,0,P06129,6,pdb:exists;afdb:exists
tbdt_g3xd89,tbdt_g3xd89_6z9n_a,tbdt,,G3XD89,6Z9N,A,raw_af2/AF-G3XD89-F1-model_v6.pdb,raw_pdb/6Z9N.pdb,substrate_bound,substrate_bound,unknown_siderophore,unknown_siderophore,CU,,,false,,2.73,X-RAY DIFFRACTION,,train,gold candidate from RCSB:TBDT_Pfam_InterPro_text; region annotation required before supervised displacement use.,gold_displacement,gold,1.0,RCSB,RCSB:TBDT_Pfam_InterPro_text,6Z9N_1,723,1.0,1,0,G3XD89,6,pdb:exists;afdb:exists
tbdt_g3xd89,tbdt_g3xd89_6z9y_a,tbdt,,G3XD89,6Z9Y,A,raw_af2/AF-G3XD89-F1-model_v6.pdb,raw_pdb/6Z9Y.pdb,substrate_bound,substrate_bound,unknown_siderophore,unknown_siderophore,CU,,,false,,2.95,X-RAY DIFFRACTION,,train,gold candidate from RCSB:TBDT_Pfam_InterPro_text; region annotation required before supervised displacement use.,gold_displacement,gold,1.0,RCSB,RCSB:TBDT_Pfam_InterPro_text,6Z9Y_1,723,1.0,1,0,G3XD89,6,pdb:exists;afdb:exists
btub_p06129,btub_p06129_3m8b_a,btub,btub,P06129,3M8B,A,raw_af2/AF-P06129-F1-model_v6.pdb,raw_pdb/3M8B.pdb,substrate_bound,substrate_bound,cobalamin,cobalamin,MG;MTN,,,false,,2.44,X-RAY DIFFRACTION,,test,gold candidate from RCSB:TBDT_Pfam_InterPro_text; region annotation required before supervised displacement use.,gold_displacement,gold,1.0,RCSB,RCSB:TBDT_Pfam_InterPro_text,3M8B_1,594,0.9674267100977199,0,0,P06129,6,pdb:exists;afdb:exists
btub_p06129,btub_p06129_3rgm_a,btub,btub,P06129,3RGM,A,raw_af2/AF-P06129-F1-model_v6.pdb,raw_pdb/3RGM.pdb,substrate_bound,substrate_bound,cobalamin,cobalamin,MTN,,,false,,2.6,X-RAY DIFFRACTION,,test,gold candidate from RCSB:TBDT_Pfam_InterPro_text; region annotation required before supervised displacement use.,gold_displacement,gold,1.0,RCSB,RCSB:TBDT_Pfam_InterPro_text,3RGM_1,594,0.9674267100977199,1,0,P06129,6,pdb:exists;afdb:exists
tbdt_p17315,tbdt_p17315_9nn6_a,tbdt,,P17315,9NN6,A,raw_af2/AF-P17315-F1-model_v6.pdb,raw_pdb/9NN6.pdb,substrate_bound,substrate_bound,unknown_siderophore,unknown_siderophore,,,,false,,2.9,ELECTRON MICROSCOPY,,test,gold candidate from RCSB:TBDT_Pfam_InterPro_text; region annotation required before supervised displacement use.,gold_displacement,gold,1.0,RCSB,RCSB:TBDT_Pfam_InterPro_text,9NN6_1,632,0.9532428355957768,4,0,P17315,6,pdb:exists;afdb:exists
btub_p06129,btub_p06129_1nqh_a,btub,btub,P06129,1NQH,A,raw_af2/AF-P06129-F1-model_v6.pdb,raw_pdb/1NQH.pdb,substrate_bound,substrate_bound,cobalamin,cobalamin,CA,,,false,,3.1,X-RAY DIFFRACTION,,test,gold candidate from RCSB:TBDT_Pfam_InterPro_text; region annotation required before supervised displacement use.,gold_displacement,gold,1.0,RCSB,RCSB:TBDT_Pfam_InterPro_text,1NQH_1,594,0.9674267100977199,0,0,P06129,6,pdb:exists;afdb:exists
btub_q8a5z2,btub_q8a5z2_8p97_a,btub,btub,Q8A5Z2,8P97,A,raw_af2/AF-Q8A5Z2-F1-model_v6.pdb,raw_pdb/8P97.pdb,substrate_bound,substrate_bound,cobalamin,cobalamin,,,,false,,2.75,ELECTRON MICROSCOPY,,train,gold candidate from RCSB:TBDT_Pfam_InterPro_text; region annotation required before supervised displacement use.,gold_displacement,gold,1.0,RCSB,RCSB:TBDT_Pfam_InterPro_text,8P97_1,693,1.0,0,0,Q8A5Z2,6,pdb:exists;afdb:exists
btub_q8a5z2,btub_q8a5z2_8p98_a,btub,btub,Q8A5Z2,8P98,A,raw_af2/AF-Q8A5Z2-F1-model_v6.pdb,raw_pdb/8P98.pdb,substrate_bound,substrate_bound,cobalamin,cobalamin,,,,false,,2.97,ELECTRON MICROSCOPY,,train,gold candidate from RCSB:TBDT_Pfam_InterPro_text; region annotation required before supervised displacement use.,gold_displacement,gold,1.0,RCSB,RCSB:TBDT_Pfam_InterPro_text,8P98_1,713,1.0,0,0,Q8A5Z2,6,pdb:exists;afdb:exists
tbdt_q79ad2,tbdt_q79ad2_3csn_a,tbdt,,Q79AD2,3CSN,A,raw_af2/AF-Q79AD2-F1-model_v6.pdb,raw_pdb/3CSN.pdb,substrate_bound,substrate_bound,heme,heme,,,,false,,3.0,X-RAY DIFFRACTION,,train,gold candidate from RCSB:TBDT_Pfam_InterPro_text; region annotation required before supervised displacement use.,gold_displacement,gold,1.0,RCSB,RCSB:TBDT_Pfam_InterPro_text,3CSN_1,865,0.9621802002224694,0,0,Q79AD2,6,pdb:exists;afdb:exists
tbdt_q64ue4,tbdt_q64ue4_8ypu_c,tbdt,,Q64UE4,8YPU,C,raw_af2/AF-Q64UE4-F1-model_v6.pdb,raw_pdb/8YPU.pdb,apo,apo,none,none,,,,false,,2.97,ELECTRON MICROSCOPY,,train,gold candidate from RCSB:TBDT_Pfam_InterPro_text; region annotation required before supervised displacement use.,gold_displacement,gold,1.0,RCSB,RCSB:TBDT_Pfam_InterPro_text,8YPU_2,987,0.896457765667575,1,0,Q64UE4,6,pdb:exists;afdb:exists
tbdt_q79ad2,tbdt_q79ad2_3ddr_a,tbdt,,Q79AD2,3DDR,A,raw_af2/AF-Q79AD2-F1-model_v6.pdb,raw_pdb/3DDR.pdb,substrate_bound,substrate_bound,heme,heme,HEM,,,false,,2.8,X-RAY DIFFRACTION,,train,gold candidate from RCSB:TBDT_Pfam_InterPro_text; region annotation required before supervised displacement use.,gold_displacement,gold,1.0,RCSB,RCSB:TBDT_Pfam_InterPro_text,3DDR_1,865,0.9477196885428254,1,0,Q79AD2,6,pdb:exists;afdb:exists
tbdt_q64ue4,tbdt_q64ue4_8ypt_c,tbdt,,Q64UE4,8YPT,C,raw_af2/AF-Q64UE4-F1-model_v6.pdb,raw_pdb/8YPT.pdb,apo,apo,none,none,,,,false,,3.05,ELECTRON MICROSCOPY,,train,gold candidate from RCSB:TBDT_Pfam_InterPro_text; region annotation required before supervised displacement use.,gold_displacement,gold,1.0,RCSB,RCSB:TBDT_Pfam_InterPro_text,8YPT_2,986,0.8955495004541326,0,0,Q64UE4,6,pdb:exists;afdb:exists
tbdt_q8a5h5,tbdt_q8a5h5_5fq7_b,tbdt,,Q8A5H5,5FQ7,B,raw_af2/AF-Q8A5H5-F1-model_v6.pdb,raw_pdb/5FQ7.pdb,apo,apo,none,none,MG;NA,,,false,,3.4,X-RAY DIFFRACTION,,train,gold candidate from RCSB:TBDT_Pfam_InterPro_text; region annotation required before supervised displacement use.,gold_displacement,gold,1.0,RCSB,RCSB:TBDT_Pfam_InterPro_text,5FQ7_2,984,1.0,0,0,Q8A5H5,6,pdb:exists;afdb:exists
tbdt_q8a5h6,tbdt_q8a5h6_5fq6_a,tbdt,,Q8A5H6,5FQ6,A,raw_af2/AF-Q8A5H6-F1-model_v6.pdb,raw_pdb/5FQ6.pdb,metal_only,metal_only,none,none,CA;NA,,,false,,2.8,X-RAY DIFFRACTION,,test,gold candidate from RCSB:TBDT_Pfam_InterPro_text; region annotation required before supervised displacement use.,gold_displacement,gold,1.0,RCSB,RCSB:TBDT_Pfam_InterPro_text,5FQ6_1,480,0.963855421686747,0,0,Q8A5H6,6,pdb:exists;afdb:exists
tbdt_q8a5h5,tbdt_q8a5h5_5fq8_b,tbdt,,Q8A5H5,5FQ8,B,raw_af2/AF-Q8A5H5-F1-model_v6.pdb,raw_pdb/5FQ8.pdb,uncertain,uncertain,none,none,CA;KR0;MG,,,false,,2.75,X-RAY DIFFRACTION,,train,gold candidate from RCSB:TBDT_Pfam_InterPro_text; region annotation required before supervised displacement use.,gold_displacement,gold,1.0,RCSB,RCSB:TBDT_Pfam_InterPro_text,5FQ8_2,984,1.0,0,0,Q8A5H5,6,pdb:exists;afdb:exists
tbdt_p02787,tbdt_p02787_3v8x_b,tbdt,,P02787,3V8X,B,raw_af2/AF-P02787-F1-model_v6.pdb,raw_pdb/3V8X.pdb,apo,apo,none,none,,,,false,,2.6,X-RAY DIFFRACTION,,train,gold candidate from RCSB:TBDT_Pfam_InterPro_text; region annotation required before supervised displacement use.,gold_displacement,gold,1.0,RCSB,RCSB:TBDT_Pfam_InterPro_text,3V8X_2,698,1.0,1,0,P02787,6,pdb:exists;afdb:exists
tbdt_p0dsn2,tbdt_p0dsn2_6r2q_b,tbdt,,P0DSN2,6R2Q,B,raw_af2/AF-P0DSN2-F1-model_v6.pdb,raw_pdb/6R2Q.pdb,substrate_bound,substrate_bound,heme,heme,CA;HEC,,,false,,2.697,X-RAY DIFFRACTION,,val,gold candidate from RCSB:TBDT_Pfam_InterPro_text; region annotation required before supervised displacement use.,gold_displacement,gold,1.0,RCSB,RCSB:TBDT_Pfam_InterPro_text,6R2Q_2,695,1.0,0,0,P0DSN2,6,pdb:exists;afdb:exists
